#{"t_start": 1787940109.4544053, "env_id": "None"}
r,l,t
-3.05,2,0.037412
-3.15,4,0.067402
4.45,4,0.095409
-3.3,7,0.12968
-3.0,1,0.150892
4.45,4,0.175982
-3.0,1,0.198375
-3.2,5,0.227229
4.3,5,0.257338
4.0,7,0.287138
-3.5,11,0.329037
-3.0,1,0.349092
4.45,4,0.37452
2.95,14,0.420451
4.0,7,0.452682
-3.0,1,0.475587
4.45,4,0.504547
-3.2,5,0.54162
-3.0,1,0.562791
-3.15,4,0.590975
-3.0,1,0.615451
-3.1,3,0.644485
-3.0,1,0.664988
4.3,5,0.696858
-3.05,2,0.719454
-3.15,4,0.745775
-3.35,8,0.775898
-3.3,7,0.809492
4.45,4,0.836208
4.9,1,0.85937
-3.6,13,0.90129
-3.0,1,0.925059
-3.0,1,0.94728
-3.25,6,0.983916
-3.15,4,1.011462
4.9,1,1.040159
-3.1,3,1.065796
-3.2,5,1.096949
-3.05,2,1.127611
-1.75,15,1.174092
-3.05,2,1.200449
-3.2,5,1.230439
-3.0,1,1.252762
-3.05,2,1.280126
-3.35,8,1.312083
-3.05,2,1.339696
-3.05,2,1.363594
-3.35,8,1.397432
-3.3,7,1.430615
-3.0,1,1.451872
-3.05,2,1.478341
4.3,5,1.513132
-3.0,1,1.545077
4.9,1,1.57431
-3.0,1,1.601161
-3.0,1,1.627706
-3.1,3,1.657848
-3.0,1,1.682523
-3.05,2,1.709836
4.15,6,1.74232
4.15,6,1.776937
-3.0,1,1.802882
4.6,3,1.83244
4.15,6,1.861759
-3.0,1,2.03568
-3.2,5,2.063919
-3.0,1,2.08745
3.55,10,2.127226
4.15,6,2.160276
4.15,6,2.192741
-3.25,6,2.231515
4.3,5,2.260748
-3.15,4,2.288391
-3.4,9,2.321011
-3.05,2,2.346118
-3.05,2,2.367187
-3.0,1,2.38919
-3.45,10,2.431373
-3.05,2,2.458978
4.15,6,2.489367
4.75,2,2.518736
-3.0,1,2.541619
-3.0,1,2.563082
-3.5,11,2.604212
-3.05,2,2.630298
-3.05,2,2.652874
-3.15,4,2.679527
-3.0,1,2.705107
-3.05,2,2.73105
-3.05,2,2.762514
-3.3,7,2.794307
-3.1,3,2.819601
3.85,8,2.852308
-3.05,2,2.877151
-3.25,6,2.910262
-3.2,5,2.93854
-3.0,1,2.960651
4.75,2,2.983556
-3.05,2,3.011459
-3.15,4,3.04128
-3.3,7,3.076884
3.4,11,3.117898
-3.15,4,3.149894
-3.45,10,3.184577
-3.1,3,3.216933
3.7,9,3.25016
4.0,7,3.282211
-3.0,1,3.302315
-3.0,1,3.327285
-3.25,6,3.363574
-3.0,1,3.384499
-3.1,3,3.415368
4.0,7,3.448225
-3.05,2,3.471925
4.0,7,3.504104
-3.0,1,3.532961
-3.65,14,3.578824
4.3,5,3.607005
-3.2,5,3.634428
-3.05,2,3.663496
-3.15,4,3.690446
-3.0,1,3.719785
4.6,3,3.89499
-3.1,3,3.921605
-3.05,2,3.946965
-3.0,1,3.976789
3.85,8,4.010225
-3.05,2,4.033643
-3.1,3,4.067239
-3.0,1,4.09544
3.4,11,4.147493
-3.15,4,4.177218
-3.0,1,4.1997
-3.05,2,4.226065
-3.0,1,4.260623
3.85,8,4.300359
4.6,3,4.328517
-3.1,3,4.354249
4.0,7,4.391747
3.85,8,4.431906
-3.3,7,4.471649
-3.25,6,4.504052
-3.1,3,4.534949
4.75,2,4.565495
4.6,3,4.596346
-3.4,9,4.63973
-3.1,3,4.668777
-3.1,3,4.694525
-3.2,5,4.725432
-3.0,1,4.746309
-3.0,1,4.766708
4.9,1,4.794046
-3.2,5,4.825639
-3.4,9,4.874281
4.0,7,4.908463
-3.0,1,4.93544
4.6,3,4.964755
4.75,2,4.993592
4.45,4,5.029376
4.75,2,5.057771
-3.15,4,5.08418
4.0,7,5.125782
4.45,4,5.161019
3.55,10,5.201504
4.45,4,5.231377
-3.2,5,5.26079
3.7,9,5.297523
-3.0,1,5.328809
-3.0,1,5.351901
3.4,11,5.392761
-3.0,1,5.417349
-3.0,1,5.438792
4.9,1,5.462756
-3.0,1,5.493771
-3.15,4,5.527689
-3.15,4,5.557332
-3.05,2,5.582647
3.55,10,5.616468
-3.55,12,5.652854
-3.05,2,5.678174
-3.45,10,5.712619
4.3,5,5.742217
4.75,2,5.935684
-1.75,15,5.990752
4.3,5,6.018156
-3.1,3,6.050082
-3.2,5,6.079803
-3.25,6,6.113589
-3.05,2,6.147136
-1.75,15,6.199314
4.15,6,6.241167
-3.5,11,6.295129
4.0,7,6.332992
-1.75,15,6.390016
-1.75,15,6.439611
4.0,7,6.473069
4.6,3,6.500347
4.15,6,6.535431
3.25,12,6.576152
3.7,9,6.613418
-3.1,3,6.638548
-3.05,2,6.668997
-3.05,2,6.693817
-3.2,5,6.722602
-3.0,1,6.747142
4.45,4,6.776759
-3.1,3,6.802273
4.45,4,6.832787
4.0,7,6.865006
4.75,2,6.888951
-3.1,3,6.918968
-3.25,6,6.950803
-3.05,2,6.975419
-3.0,1,6.997277
-3.0,1,7.018119
-3.15,4,7.046451
-3.0,1,7.071803
-3.1,3,7.098614
4.3,5,7.126984
3.4,11,7.169001
4.6,3,7.196848
-3.0,1,7.221279
-3.15,4,7.259073
4.0,7,7.29302
-3.05,2,7.319801
3.4,11,7.365751
-3.45,10,7.408576
3.85,8,7.625679
-3.5,11,7.668699
-3.3,7,7.704048
-3.0,1,7.727501
4.3,5,7.76381
-3.0,1,7.784716
4.0,7,7.816906
-3.05,2,7.844066
-3.6,13,7.887378
4.0,7,7.919078
-3.65,14,7.961312
4.0,7,7.994252
-3.05,2,8.018083
4.45,4,8.048827
3.1,13,8.087757
-3.05,2,8.112279
4.3,5,8.143296
-3.15,4,8.179341
-3.05,2,8.211185
-3.4,9,8.251614
-1.75,15,8.303756
-3.2,5,8.336748
-3.15,4,8.368658
-3.05,2,8.396648
-3.05,2,8.423752
-3.15,4,8.451994
-3.1,3,8.477104
-3.5,11,8.516623
-3.1,3,8.546381
-3.0,1,8.571103
-3.15,4,8.599505
-3.05,2,8.62443
-3.25,6,8.653939
4.45,4,8.683263
3.55,10,8.723434
-3.0,1,8.745756
-1.75,15,8.794523
4.9,1,8.818151
-3.2,5,8.855743
-3.25,6,8.887061
-3.45,10,8.926254
-3.5,11,8.96957
4.45,4,8.998145
-3.1,3,9.029931
-3.1,3,9.063564
-3.1,3,9.269441
-3.35,8,9.30624
-1.75,15,9.357007
-3.15,4,9.388457
4.45,4,9.418544
3.7,9,9.459106
-3.1,3,9.488218
4.3,5,9.522147
3.55,10,9.558677
-3.05,2,9.583452
4.45,4,9.612521
-3.2,5,9.642051
3.85,8,9.676544
-3.1,3,9.700409
4.0,7,9.730884
-3.2,5,9.759158
-1.75,15,9.79946
-3.0,1,9.820173
-3.0,1,9.84037
-3.45,10,9.872964
4.0,7,9.909868
-3.05,2,9.93124
-1.75,15,9.978767
-3.6,13,10.024845
-1.75,15,10.0683
-3.25,6,10.098997
-3.15,4,10.128742
-3.1,3,10.160483
-3.0,1,10.189187
4.3,5,10.219061
-3.45,10,10.26041
4.15,6,10.297853
-3.05,2,10.326338
-3.6,13,10.372734
-3.4,9,10.409713
-3.0,1,10.436102
-3.0,1,10.465034
-3.0,1,10.489355
4.6,3,10.515241
4.0,7,10.54838
4.45,4,10.579512
3.55,10,10.786494
-1.75,15,10.843505
-1.75,15,10.889649
3.55,10,10.936216
4.3,5,10.971062
3.85,8,11.008104
-3.45,10,11.045962
-3.2,5,11.08318
-1.75,15,11.140355
-3.2,5,11.175612
3.55,10,11.216667
3.7,9,11.258643
-3.1,3,11.285692
-3.5,11,11.327337
-1.75,15,11.372924
3.85,8,11.407259
4.9,1,11.430195
3.55,10,11.471681
-3.15,4,11.497944
4.15,6,11.532073
-3.4,9,11.571349
4.6,3,11.600277
-1.75,15,11.648544
-3.15,4,11.673894
-1.75,15,11.716556
4.15,6,11.755854
3.55,10,11.791296
-3.15,4,11.817056
3.1,13,11.858228
-3.3,7,11.890798
-3.2,5,12.067464
4.75,2,12.096145
-3.7,15,12.143688
-1.75,15,12.186684
3.55,10,12.230316
4.15,6,12.267418
-1.75,15,12.318038
-3.35,8,12.362031
3.7,9,12.402402
-3.25,6,12.437769
3.7,9,12.480491
3.55,10,12.52512
-3.15,4,12.553295
-3.2,5,12.583635
4.45,4,12.614244
4.0,7,12.647925
-3.05,2,12.67181
-3.5,11,12.707846
4.3,5,12.73685
-3.2,5,12.76547
-3.65,14,12.803386
-3.35,8,12.837353
3.7,9,12.875065
-3.35,8,12.909326
-3.0,1,12.933912
-3.4,9,12.965928
-3.25,6,12.997235
3.1,13,13.037876
-3.35,8,13.075137
-3.4,9,13.109742
-3.3,7,13.148808
4.15,6,13.182346
4.3,5,13.212888
3.4,11,13.401399
4.75,2,13.429498
4.45,4,13.45824
-3.05,2,13.483939
3.85,8,13.520787
3.55,10,13.56128
-3.0,1,13.591652
-3.1,3,13.621446
4.15,6,13.655204
-3.25,6,13.686235
4.15,6,13.721226
4.45,4,13.750338
-1.75,15,13.803224
-3.7,15,13.853666
-3.5,11,13.900639
4.45,4,13.926738
-3.25,6,13.961202
-3.65,14,14.011323
4.15,6,14.044781
4.0,7,14.07947
-3.1,3,14.111081
-3.1,3,14.13918
-3.0,1,14.163725
-3.0,1,14.18822
-1.75,15,14.231955
4.45,4,14.261666
-1.75,15,14.305975
3.7,9,14.340577
4.0,7,14.37696
4.15,6,14.409005
3.85,8,14.443389
4.6,3,14.474099
-3.15,4,14.49973
4.15,6,14.528347
-3.2,5,14.556865
4.75,2,14.582522
3.55,10,14.619382
-3.6,13,14.662408
-3.15,4,14.86227
-3.05,2,14.894724
4.0,7,14.928994
-3.2,5,14.962439
4.6,3,14.986704
4.0,7,15.027412
-3.25,6,15.061135
4.9,1,15.088423
-3.7,15,15.13839
-1.75,15,15.185094
4.15,6,15.218463
4.0,7,15.251696
3.7,9,15.294315
-3.55,12,15.338401
-3.25,6,15.375162
-1.75,15,15.427102
4.45,4,15.461875
3.7,9,15.506285
-3.55,12,15.546929
-3.15,4,15.576688
4.15,6,15.611868
-3.1,3,15.64268
4.6,3,15.673156
3.25,12,15.717342
-3.2,5,15.749919
4.0,7,15.783744
3.7,9,15.824994
-3.55,12,15.871857
3.55,10,15.911886
-3.6,13,15.954774
-3.2,5,15.989869
3.25,12,16.031021
-3.05,2,16.058957
3.85,8,16.096078
-3.2,5,16.267581
4.3,5,16.305026
4.0,7,16.335613
3.55,10,16.373737
4.75,2,16.402341
-3.15,4,16.432136
4.15,6,16.464182
-1.75,15,16.512133
-1.75,15,16.55917
3.85,8,16.591767
3.25,12,16.629224
-3.55,12,16.672261
-3.1,3,16.698825
-3.45,10,16.742225
-1.75,15,16.786438
4.3,5,16.816048
4.6,3,16.8439
-1.75,15,16.889831
4.75,2,16.918035
-3.05,2,16.945448
-1.75,15,16.994216
-3.0,1,17.014762
-1.75,15,17.062154
4.75,2,17.087917
-3.15,4,17.116845
3.85,8,17.151473
4.0,7,17.185545
-3.3,7,17.221148
4.3,5,17.253782
4.3,5,17.281883
3.55,10,17.319683
-3.15,4,17.347288
4.75,2,17.374943
4.45,4,17.400051
4.45,4,17.430682
4.45,4,17.460504
4.15,6,17.63649
3.55,10,17.673991
-3.35,8,17.706286
4.3,5,17.735682
-1.75,15,17.778648
4.6,3,17.80293
3.4,11,17.840151
3.4,11,17.878775
-3.3,7,17.909112
-3.65,14,17.95162
4.9,1,17.979899
4.3,5,18.01103
-3.25,6,18.042167
4.6,3,18.067298
4.6,3,18.096122
3.85,8,18.130375
3.85,8,18.166103
3.85,8,18.207232
-3.0,1,18.231663
3.85,8,18.277399
-3.15,4,18.309354
4.3,5,18.345879
4.0,7,18.383931
4.45,4,18.421043
4.6,3,18.455508
4.0,7,18.496058
4.3,5,18.530631
-3.35,8,18.566402
4.3,5,18.597594
-3.2,5,18.627876
4.6,3,18.657564
3.4,11,18.696588
4.75,2,18.724388
4.3,5,18.755184
-3.15,4,18.78224
-3.35,8,18.815534
-3.25,6,18.850853
-3.5,11,18.887549
-3.45,10,18.922635
4.15,6,18.954345
3.7,9,19.127604
-1.75,15,19.175694
4.6,3,19.198395
4.6,3,19.222046
-3.2,5,19.24878
4.3,5,19.279948
3.1,13,19.327417
-3.5,11,19.370292
3.85,8,19.410109
3.4,11,19.446457
-3.45,10,19.481153
3.4,11,19.516823
3.25,12,19.558624
4.75,2,19.582001
3.85,8,19.616101
4.15,6,19.653151
-3.15,4,19.678279
-1.75,15,19.720701
-3.3,7,19.752977
4.15,6,19.780412
3.7,9,19.81473
-1.75,15,19.85565
-3.0,1,19.878262
-3.55,12,19.918854
-1.75,15,19.971639
4.3,5,20.007888
-3.15,4,20.040581
4.15,6,20.076725
-3.5,11,20.119629
-3.25,6,20.159132
-3.3,7,20.192172
4.45,4,20.383358
4.15,6,20.418124
-3.7,15,20.467653
-1.75,15,20.513017
-3.3,7,20.547388
3.25,12,20.593608
4.6,3,20.619454
4.15,6,20.656422
-1.75,15,20.704379
4.6,3,20.733037
3.85,8,20.76523
3.85,8,20.797222
-1.75,15,20.841241
4.75,2,20.862255
-1.75,15,20.905505
3.4,11,20.945238
-3.55,12,20.98614
3.1,13,21.029953
4.0,7,21.066018
4.3,5,21.097398
4.45,4,21.125334
3.1,13,21.179948
3.7,9,21.218567
-3.05,2,21.245523
4.3,5,21.277321
-1.75,15,21.317054
3.85,8,21.35297
-1.75,15,21.396466
-1.75,15,21.612056
4.6,3,21.649096
-1.75,15,21.704859
-1.75,15,21.757004
-1.75,15,21.808275
-3.35,8,21.845404
-3.5,11,21.888637
4.45,4,21.914832
4.45,4,21.955203
3.25,12,22.001065
3.85,8,22.042769
3.7,9,22.076786
-3.15,4,22.106515
3.55,10,22.143144
3.7,9,22.176659
-1.75,15,22.222591
-3.3,7,22.256623
3.25,12,22.298862
-3.2,5,22.328995
4.0,7,22.358275
4.75,2,22.385625
4.0,7,22.417432
-1.75,15,22.462375
4.6,3,22.491074
4.15,6,22.52247
4.3,5,22.550881
-3.2,5,22.578209
3.4,11,22.617095
-1.75,15,22.66261
-3.6,13,22.847401
-1.75,15,22.889789
-3.55,12,22.93294
-3.15,4,22.966356
4.15,6,23.003937
4.15,6,23.042077
4.45,4,23.074697
-1.75,15,23.123517
-3.05,2,23.154483
3.85,8,23.200095
4.0,7,23.240986
3.25,12,23.286686
3.55,10,23.327634
3.4,11,23.372258
4.45,4,23.400911
3.7,9,23.436349
4.6,3,23.46143
4.0,7,23.495718
-1.75,15,23.546922
-3.25,6,23.580056
-3.25,6,23.612057
-3.35,8,23.643987
-3.15,4,23.673329
-3.25,6,23.702078
4.45,4,23.731483
-3.5,11,23.770738
4.75,2,23.794545
4.45,4,23.823383
3.7,9,23.856529
3.7,9,23.886993
-1.75,15,23.935343
4.6,3,23.962412
4.15,6,23.993522
-3.4,9,24.183578
-3.4,9,24.218918
-3.45,10,24.258524
4.15,6,24.290661
3.7,9,24.325843
4.3,5,24.356076
-3.0,1,24.377024
4.75,2,24.401594
4.6,3,24.430709
4.6,3,24.457602
4.15,6,24.490261
-3.7,15,24.535623
3.85,8,24.567361
4.15,6,24.605196
3.25,12,24.65157
4.3,5,24.681689
3.55,10,24.722839
4.75,2,24.747408
4.6,3,24.776783
3.85,8,24.812833
3.1,13,24.861061
-3.4,9,24.89667
4.3,5,24.935911
4.6,3,24.972047
-3.45,10,25.01764
-3.6,13,25.062274
4.3,5,25.096676
3.7,9,25.138387
4.75,2,25.169263
4.0,7,25.207093
3.4,11,25.254194
4.15,6,25.290226
4.3,5,25.318744
-1.75,15,25.37624
4.0,7,25.415888
4.15,6,25.444645
-3.1,3,25.627818
-3.3,7,25.665513
-3.35,8,25.702086
-3.35,8,25.735926
-1.75,15,25.779295
4.75,2,25.803369
-3.15,4,25.831811
-3.45,10,25.86727
-3.45,10,25.903347
3.85,8,25.935546
3.4,11,25.9725
3.55,10,26.006808
4.6,3,26.029108
-3.7,15,26.073014
3.85,8,26.107919
-3.15,4,26.143032
4.15,6,26.177049
4.75,2,26.203257
-1.75,15,26.253696
4.45,4,26.285051
3.7,9,26.327076
4.45,4,26.362928
3.55,10,26.399776
-1.75,15,26.4522
-3.35,8,26.495011
4.6,3,26.52974
4.6,3,26.572291
4.3,5,26.616746
3.85,8,26.668051
4.3,5,26.708393
4.45,4,26.744816
3.25,12,26.79084
4.0,7,26.830515
4.45,4,26.860904
4.0,7,26.898299
3.7,9,27.10682
4.3,5,27.139462
-3.0,1,27.160544
3.7,9,27.198166
3.85,8,27.231559
4.45,4,27.261046
4.45,4,27.287934
-1.75,15,27.330349
3.55,10,27.371314
-1.75,15,27.41976
4.6,3,27.445411
-3.5,11,27.490553
-3.6,13,27.529882
4.45,4,27.557895
4.6,3,27.583699
4.15,6,27.615375
-3.3,7,27.65131
4.6,3,27.6842
3.85,8,27.7251
3.7,9,27.760997
-3.35,8,27.794369
4.0,7,27.833632
3.85,8,27.880984
4.6,3,27.908679
-3.05,2,27.935138
3.7,9,27.973361
3.85,8,28.008015
4.3,5,28.043368
-1.75,15,28.090435
-1.75,15,28.13772
4.45,4,28.169207
3.85,8,28.20941
3.85,8,28.249651
3.7,9,28.299342
4.6,3,28.491029
3.85,8,28.53359
4.45,4,28.567793
3.1,13,28.612329
4.15,6,28.643247
4.75,2,28.671347
3.85,8,28.707402
4.6,3,28.733136
4.15,6,28.761926
4.0,7,28.792644
3.55,10,28.824858
-1.75,15,28.864437
3.7,9,28.90209
3.85,8,28.933758
4.6,3,28.957404
4.6,3,28.981843
4.15,6,29.010765
-3.65,14,29.051635
4.75,2,29.079314
4.0,7,29.112265
4.45,4,29.14284
3.7,9,29.176599
3.55,10,29.212926
-1.75,15,29.261377
4.45,4,29.292593
4.6,3,29.320318
-3.55,12,29.362803
3.4,11,29.408956
4.3,5,29.439696
-3.15,4,29.470382
3.7,9,29.513731
4.15,6,29.548002
4.15,6,29.584784
4.45,4,29.616991
4.45,4,29.645968
4.6,3,29.676482
4.6,3,29.705062
4.6,3,29.731445
4.6,3,29.761437
4.45,4,29.949228
4.75,2,29.97598
4.3,5,30.009017
4.45,4,30.036734
4.6,3,30.065062
4.3,5,30.098337
3.4,11,30.139074
-3.45,10,30.176762
3.4,11,30.213492
3.7,9,30.250973
3.7,9,30.291267
4.6,3,30.323672
4.15,6,30.351229
-1.75,15,30.395672
4.0,7,30.432086
-3.4,9,30.467529
4.75,2,30.493563
4.0,7,30.523157
3.7,9,30.557121
-1.75,15,30.602387
3.25,12,30.642397
4.0,7,30.676708
4.15,6,30.710298
4.0,7,30.751834
-3.5,11,30.793074
-3.45,10,30.830591
-3.65,14,30.872137
3.85,8,30.907382
4.6,3,30.931751
-1.75,15,30.984859
3.55,10,31.022652
-3.3,7,31.058154
3.7,9,31.262444
4.15,6,31.291528
3.25,12,31.331658
-1.75,15,31.381771
-3.7,15,31.428972
4.15,6,31.462152
4.3,5,31.493796
-3.55,12,31.529961
4.45,4,31.560827
-3.2,5,31.594182
4.0,7,31.64336
-3.5,11,31.700948
4.6,3,31.730355
4.75,2,31.762331
3.55,10,31.806189
3.4,11,31.849835
-3.35,8,31.886523
3.4,11,31.928958
4.6,3,31.955431
-1.75,15,31.999954
3.55,10,32.048453
4.3,5,32.084633
-3.55,12,32.130281
3.7,9,32.175603
4.9,1,32.197014
-3.55,12,32.238788
3.7,9,32.2721
4.0,7,32.303397
4.6,3,32.33112
4.75,2,32.35744
4.15,6,32.391474
4.45,4,32.428893
4.3,5,32.46367
-3.0,1,32.48829
-3.35,8,32.692203
4.75,2,32.721565
-3.25,6,32.752234
4.6,3,32.781644
-3.5,11,32.821947
4.0,7,32.854017
-1.75,15,32.904166
-3.15,4,32.931949
-3.6,13,32.975067
3.55,10,33.01744
4.45,4,33.050033
-3.6,13,33.097633
-1.75,15,33.142602
4.3,5,33.168835
4.3,5,33.196539
4.15,6,33.233404
-3.5,11,33.273852
-3.45,10,33.309086
-3.15,4,33.337801
4.45,4,33.362316
4.45,4,33.388134
4.0,7,33.418915
-1.75,15,33.462822
-1.75,15,33.509001
-3.2,5,33.541759
-3.5,11,33.583383
3.25,12,33.626529
3.7,9,33.661167
4.6,3,33.694428
3.25,12,33.732913
4.6,3,33.757164
3.4,11,33.940727
4.15,6,33.970952
4.0,7,34.012259
4.6,3,34.046429
-3.2,5,34.082318
-1.75,15,34.13602
4.75,2,34.16141
4.45,4,34.188875
4.75,2,34.210007
4.45,4,34.246887
-3.5,11,34.287103
-1.75,15,34.33365
4.6,3,34.362265
-3.7,15,34.410878
4.6,3,34.43975
4.6,3,34.479004
4.45,4,34.520238
4.45,4,34.561978
4.0,7,34.605912
-3.55,12,34.668981
-3.45,10,34.708575
-1.75,15,34.760086
4.3,5,34.790943
-3.6,13,34.832427
-1.75,15,34.873068
4.45,4,34.896504
-3.5,11,34.935198
3.25,12,34.98045
4.3,5,35.013348
4.75,2,35.040874
3.7,9,35.083925
-1.75,15,35.135432
3.85,8,35.177837
3.55,10,35.369041
4.3,5,35.397396
-3.45,10,35.438783
-3.45,10,35.478448
4.15,6,35.511497
-3.55,12,35.550383
-3.65,14,35.591858
-3.4,9,35.625067
2.8,15,35.674186
4.0,7,35.711137
3.7,9,35.754323
3.7,9,35.790908
3.7,9,35.825514
-3.2,5,35.85888
3.85,8,35.891829
4.15,6,35.929696
3.85,8,35.973693
-1.75,15,36.030635
3.7,9,36.070027
3.55,10,36.106012
3.25,12,36.147599
4.75,2,36.176356
3.4,11,36.218827
4.0,7,36.25114
-1.75,15,36.294736
3.85,8,36.329737
4.15,6,36.360058
4.45,4,36.389339
3.1,13,36.586549
4.45,4,36.614639
-1.75,15,36.664628
4.45,4,36.695925
4.15,6,36.729799
3.25,12,36.771295
-3.4,9,36.80373
-3.65,14,36.841987
-3.6,13,36.880588
4.6,3,36.905216
4.15,6,36.933684
4.3,5,36.960929
-3.55,12,36.996538
4.45,4,37.027167
-1.75,15,37.078428
3.85,8,37.11831
-1.75,15,37.168445
4.45,4,37.203542
4.6,3,37.2309
4.0,7,37.269788
3.7,9,37.321069
4.6,3,37.363256
3.85,8,37.401627
4.6,3,37.432203
-3.55,12,37.473201
4.3,5,37.50551
3.7,9,37.543947
4.15,6,37.574231
4.15,6,37.607505
3.7,9,37.649024
3.4,11,37.695528
4.6,3,37.725133
3.7,9,37.90977
-3.2,5,37.936304
4.6,3,37.961135
3.55,10,38.000824
4.6,3,38.029806
3.7,9,38.074613
3.85,8,38.107664
3.25,12,38.150338
3.55,10,38.184311
4.75,2,38.213745
-3.3,7,38.246298
-1.75,15,38.296698
4.75,2,38.324291
3.85,8,38.366937
4.15,6,38.405832
3.55,10,38.440618
4.0,7,38.472549
4.45,4,38.498641
-3.5,11,38.542711
-3.4,9,38.576531
4.0,7,38.61182
4.3,5,38.644536
4.6,3,38.675714
4.15,6,38.706681
-3.6,13,38.757468
3.4,11,38.792559
4.0,7,38.826011
-3.0,1,38.848253
4.45,4,38.877335
-3.5,11,38.916908
4.6,3,38.940832
4.45,4,38.969431
3.7,9,39.003196
3.85,8,39.038202
-3.35,8,39.073583
4.6,3,39.098671
4.0,7,39.133117
-3.65,14,39.338972
3.55,10,39.378783
4.9,1,39.405998
4.6,3,39.43474
3.55,10,39.472088
4.15,6,39.508464
4.45,4,39.542204
4.45,4,39.570915
4.45,4,39.603781
-1.75,15,39.647304
4.0,7,39.682884
-1.75,15,39.728266
4.75,2,39.756325
-3.65,14,39.802866
3.7,9,39.839215
4.0,7,39.871441
-1.75,15,39.918246
4.3,5,39.950898
3.85,8,39.98803
4.9,1,40.011095
-3.5,11,40.051568
-3.6,13,40.090479
4.45,4,40.118024
-3.7,15,40.161747
4.15,6,40.193281
-3.2,5,40.225361
-1.75,15,40.270205
-3.3,7,40.301806
4.9,1,40.326401
4.45,4,40.357685
-3.6,13,40.402397
4.75,2,40.427425
-3.6,13,40.643291
4.45,4,40.677594
4.45,4,40.708654
4.15,6,40.750272
4.75,2,40.778859
4.0,7,40.813323
-3.45,10,40.852583
4.3,5,40.881401
4.45,4,40.907999
4.3,5,40.936951
-3.55,12,40.985047
-3.6,13,41.02846
4.6,3,41.057308
3.7,9,41.091899
4.75,2,41.123092
-1.75,15,41.172524
4.6,3,41.201545
4.15,6,41.234181
3.7,9,41.269264
4.0,7,41.298316
4.75,2,41.326087
4.0,7,41.361243
4.15,6,41.395266
4.3,5,41.422085
4.6,3,41.44927
-3.4,9,41.486185
3.25,12,41.523473
3.25,12,41.563514
4.75,2,41.589473
-3.35,8,41.624935
-3.65,14,41.670456
3.85,8,41.710425
4.15,6,41.74356
3.7,9,41.779452
4.45,4,41.808491
3.4,11,41.851285
-1.75,15,42.070643
4.45,4,42.104901
-3.65,14,42.147487
4.0,7,42.184327
4.45,4,42.220955
-3.2,5,42.260586
-3.35,8,42.302615
-3.35,8,42.342001
-3.3,7,42.374073
-1.75,15,42.421065
4.75,2,42.445072
3.55,10,42.478988
3.4,11,42.523324
4.45,4,42.551546
-3.6,13,42.590572
4.15,6,42.619446
4.15,6,42.657373
4.75,2,42.682547
4.0,7,42.721045
3.85,8,42.757619
3.7,9,42.794902
3.7,9,42.830566
4.45,4,42.858136
3.55,10,42.892362
3.85,8,42.937031
-1.75,15,42.979516
4.75,2,43.005143
3.85,8,43.03944
3.55,10,43.079713
4.45,4,43.106746
3.85,8,43.139604
-3.65,14,43.177963
-3.5,11,43.370745
3.25,12,43.419647
-3.55,12,43.460415
-3.65,14,43.512647
4.75,2,43.538808
-1.75,15,43.582993
-3.25,6,43.615118
4.6,3,43.645887
-3.5,11,43.692115
4.3,5,43.727825
-3.45,10,43.767511
4.0,7,43.801749
4.75,2,43.828564
3.85,8,43.863119
-1.75,15,43.911877
4.0,7,43.953279
4.15,6,43.986513
-3.35,8,44.020467
4.3,5,44.050178
4.3,5,44.079376
-3.5,11,44.11871
4.6,3,44.146234
4.15,6,44.189033
-3.3,7,44.22317
3.4,11,44.264757
4.0,7,44.296309
3.55,10,44.342331
4.0,7,44.375732
3.7,9,44.411683
4.0,7,44.447474
3.55,10,44.483557
4.3,5,44.512713
4.6,3,44.538874
-1.75,15,44.736291
3.4,11,44.77378
3.55,10,44.812228
4.15,6,44.849582
4.45,4,44.873752
3.7,9,44.907907
3.55,10,44.951532
4.6,3,44.978436
4.45,4,45.0083
-1.75,15,45.056403
4.45,4,45.087257
-3.55,12,45.13616
-3.45,10,45.186767
3.55,10,45.23167
3.55,10,45.276133
4.75,2,45.303956
4.45,4,45.332508
4.75,2,45.358483
3.85,8,45.40172
4.15,6,45.439723
3.85,8,45.485751
4.9,1,45.509041
4.75,2,45.539399
-1.75,15,45.584654
3.85,8,45.619353
4.3,5,45.652377
4.6,3,45.683606
3.4,11,45.726918
-1.75,15,45.772564
4.75,2,45.796099
3.1,13,45.840136
4.6,3,45.86725
4.6,3,45.893332
4.45,4,45.922392
4.45,4,45.946493
-1.75,15,46.151556
3.7,9,46.188464
-3.7,15,46.232484
4.75,2,46.258672
4.15,6,46.288918
4.0,7,46.320549
4.3,5,46.345767
4.0,7,46.377933
4.15,6,46.413789
3.85,8,46.446468
-3.55,12,46.490222
4.15,6,46.522659
4.75,2,46.548427
4.3,5,46.589093
4.3,5,46.626157
-1.75,15,46.678809
-3.55,12,46.727497
-3.5,11,46.768297
4.3,5,46.802553
-3.55,12,46.846609
3.7,9,46.88116
4.75,2,46.908872
4.15,6,46.941067
3.85,8,46.977323
-3.4,9,47.011241
4.45,4,47.041518
-3.3,7,47.072452
4.75,2,47.101038
-3.55,12,47.142051
4.75,2,47.169554
-3.5,11,47.20768
-3.55,12,47.245798
4.75,2,47.270358
3.7,9,47.309046
4.45,4,47.477196
-3.55,12,47.519938
-3.45,10,47.556551
4.0,7,47.591626
4.45,4,47.619814
4.9,1,47.641705
-3.55,12,47.680773
4.0,7,47.710567
4.3,5,47.73878
4.0,7,47.771546
3.55,10,47.809121
4.15,6,47.838323
-3.5,11,47.871906
4.75,2,47.897411
4.6,3,47.923697
-3.5,11,47.961149
4.3,5,47.990082
-3.45,10,48.024946
4.15,6,48.055306
-3.6,13,48.095489
4.75,2,48.121871
4.6,3,48.145398
4.45,4,48.174302
4.6,3,48.203691
3.85,8,48.24094
4.45,4,48.271672
4.3,5,48.310459
4.3,5,48.343823
4.3,5,48.38112
4.3,5,48.421655
4.15,6,48.458853
4.75,2,48.496379
3.55,10,48.544191
4.15,6,48.58887
3.85,8,48.634453
-3.3,7,48.666664
4.75,2,48.695654
-3.6,13,48.743984
4.6,3,48.76967
-3.5,11,48.803358
4.6,3,48.982511
4.0,7,49.019495
-3.5,11,49.056441
3.55,10,49.099072
-3.45,10,49.135558
4.3,5,49.164554
-3.35,8,49.201478
4.0,7,49.230398
3.85,8,49.26678
-3.4,9,49.302424
-3.45,10,49.337229
3.7,9,49.370551
3.85,8,49.401101
4.3,5,49.429143
4.3,5,49.460246
3.85,8,49.491783
4.15,6,49.526425
-3.2,5,49.558651
4.75,2,49.586481
4.6,3,49.6189
-3.5,11,49.655638
3.55,10,49.693249
-3.35,8,49.725782
4.3,5,49.757116
4.6,3,49.782727
4.0,7,49.814696
4.75,2,49.838514
4.3,5,49.870811
-3.15,4,49.897608
-3.45,10,49.938583
-3.35,8,49.978681
4.15,6,50.009266
4.3,5,50.043221
4.15,6,50.077108
-3.6,13,50.124227
-3.6,13,50.170611
4.45,4,50.353082
-3.3,7,50.386391
4.0,7,50.416783
3.7,9,50.450893
-3.2,5,50.478903
4.3,5,50.509036
-3.65,14,50.55308
4.45,4,50.579278
4.0,7,50.611791
-3.7,15,50.658522
-3.6,13,50.706204
4.3,5,50.734444
3.85,8,50.765637
4.6,3,50.789162
4.3,5,50.819519
4.0,7,50.856711
4.0,7,50.8893
4.6,3,50.916873
-3.65,14,50.969163
4.0,7,51.000022
-3.65,14,51.038982
-3.4,9,51.071807
4.15,6,51.101244
4.75,2,51.122328
3.4,11,51.158476
-3.4,9,51.192052
4.6,3,51.223979
-3.4,9,51.260979
-3.4,9,51.302118
-3.6,13,51.363345
4.45,4,51.39432
-1.75,15,51.448138
3.85,8,51.655954
3.7,9,51.704096
-3.3,7,51.742419
3.85,8,51.783828
3.85,8,51.825024
-3.6,13,51.876172
4.0,7,51.912895
4.3,5,51.94502
-3.5,11,51.988572
3.85,8,52.027012
4.15,6,52.063696
3.85,8,52.107204
4.6,3,52.140254
3.7,9,52.185223
3.85,8,52.216893
4.3,5,52.245537
4.45,4,52.273287
4.6,3,52.300528
3.4,11,52.33918
4.6,3,52.370458
3.7,9,52.409352
4.6,3,52.435323
3.55,10,52.47155
3.4,11,52.511407
4.75,2,52.541139
-3.0,1,52.573423
4.3,5,52.604148
3.85,8,52.636283
-3.5,11,52.682949
4.45,4,52.711517
4.3,5,52.741046
4.6,3,52.772331
4.0,7,52.806889
-3.55,12,52.844058
-3.2,5,52.871557
3.55,10,52.911326
4.45,4,52.943709
4.3,5,52.973953
4.6,3,53.176381
-3.55,12,53.222668
-3.7,15,53.269677
4.6,3,53.296492
3.7,9,53.333604
-3.55,12,53.374038
4.75,2,53.397809
4.6,3,53.428149
-3.5,11,53.468335
4.75,2,53.492325
4.45,4,53.517591
4.15,6,53.545825
-1.75,15,53.589786
4.0,7,53.621983
4.3,5,53.652313
4.6,3,53.682183
4.0,7,53.720092
3.7,9,53.757184
4.15,6,53.793732
-3.45,10,53.829202
-3.15,4,53.85588
-3.7,15,53.896994
4.45,4,53.922233
4.15,6,53.95298
4.0,7,53.986629
-3.25,6,54.016716
4.45,4,54.048736
4.15,6,54.079959
3.25,12,54.121863
4.0,7,54.151873
4.75,2,54.174408
-3.45,10,54.213717
4.45,4,54.249204
4.6,3,54.27521
4.3,5,54.303426
4.3,5,54.332983
4.3,5,54.36717
-3.4,9,54.400714
4.3,5,54.573456
3.55,10,54.608808
3.55,10,54.654374
-3.4,9,54.69323
4.75,2,54.721044
4.75,2,54.751276
-3.15,4,54.783452
4.15,6,54.815765
-3.6,13,54.866222
4.0,7,54.899458
3.85,8,54.936914
-1.75,15,54.986948
3.7,9,55.027367
3.7,9,55.068105
-3.45,10,55.112125
3.55,10,55.153089
4.0,7,55.186306
4.15,6,55.222526
3.55,10,55.258426
4.0,7,55.290819
-3.7,15,55.33803
4.75,2,55.372692
4.45,4,55.405
4.75,2,55.432828
4.0,7,55.465175
3.85,8,55.49573
4.6,3,55.523767
-1.75,15,55.564563
4.45,4,55.592674
4.6,3,55.620973
4.6,3,55.654042
4.0,7,55.69009
-1.75,15,55.740163
4.15,6,55.775194
4.3,5,55.942315
4.75,2,55.968716
4.3,5,55.997565
-3.35,8,56.040712
4.15,6,56.073204
-3.55,12,56.12493
3.85,8,56.163607
-3.55,12,56.206294
4.3,5,56.239874
3.85,8,56.274497
4.15,6,56.309945
4.6,3,56.339714
-3.55,12,56.385688
-3.6,13,56.438143
4.45,4,56.468023
4.15,6,56.501271
3.4,11,56.543786
-3.4,9,56.578915
3.25,12,56.620939
3.85,8,56.654563
3.85,8,56.692814
4.6,3,56.721108
4.6,3,56.748298
3.4,11,56.786573
4.3,5,56.818506
4.6,3,56.850656
4.15,6,56.88149
-3.7,15,56.922669
4.45,4,56.946771
4.6,3,56.97548
4.0,7,57.005352
4.6,3,57.033231
4.3,5,57.067282
3.7,9,57.104298
4.75,2,57.13604
4.15,6,57.168291
3.4,11,57.204001
-3.55,12,57.400935
4.45,4,57.428036
4.0,7,57.460009
3.85,8,57.492506
3.7,9,57.526019
-3.35,8,57.556239
4.6,3,57.584785
4.45,4,57.615253
3.85,8,57.648939
4.3,5,57.690784
-3.35,8,57.733845
-3.25,6,57.770012
-3.4,9,57.811274
-3.5,11,57.849723
-3.45,10,57.888784
4.0,7,57.924759
4.15,6,57.962107
-3.6,13,58.018341
-3.25,6,58.050307
-3.3,7,58.085977
4.15,6,58.118279
4.45,4,58.149168
4.15,6,58.18118
4.45,4,58.208502
4.6,3,58.237075
4.45,4,58.263249
4.3,5,58.291758
4.6,3,58.321204
4.75,2,58.351506
-3.5,11,58.399951
4.3,5,58.441122
4.45,4,58.477403
4.0,7,58.514625
-3.6,13,58.556941
4.6,3,58.589076
3.7,9,58.624603
4.45,4,58.65147
4.3,5,58.683744
4.3,5,58.711452
4.0,7,58.884344
4.45,4,58.913116
-3.55,12,58.955184
3.85,8,58.992108
-3.4,9,59.036291
4.75,2,59.060859
3.7,9,59.095062
4.6,3,59.122725
4.45,4,59.150374
4.15,6,59.183712
-3.3,7,59.218295
3.85,8,59.254874
4.15,6,59.286458
4.0,7,59.325323
4.0,7,59.361088
3.7,9,59.397382
4.75,2,59.42723
4.75,2,59.458368
-3.5,11,59.501245
4.15,6,59.532039
-1.75,15,59.575636
-1.75,15,59.625151
4.75,2,59.656869
-1.75,15,59.715514
4.75,2,59.740919
4.45,4,59.768887
4.15,6,59.79847
4.6,3,59.825208
-1.75,15,59.865416
-3.45,10,59.903221
4.45,4,59.933811
3.7,9,59.970237
-3.65,14,60.009033
4.6,3,60.035563
4.3,5,60.063009
-3.65,14,60.258698
4.75,2,60.282123
4.15,6,60.321902
-3.65,14,60.361698
3.7,9,60.392987
4.15,6,60.428602
-3.5,11,60.467903
4.45,4,60.500984
3.4,11,60.540982
3.85,8,60.577165
3.7,9,60.612417
-3.5,11,60.650805
4.6,3,60.677847
-3.55,12,60.717629
4.0,7,60.756055
-1.75,15,60.807714
4.15,6,60.843507
4.15,6,60.878344
-3.5,11,60.91903
4.15,6,60.95113
4.6,3,60.979884
-3.65,14,61.025839
-3.35,8,61.061731
3.85,8,61.099253
-3.25,6,61.137002
4.3,5,61.170489
4.15,6,61.207758
-3.65,14,61.254409
-3.45,10,61.292909
3.55,10,61.328559
3.7,9,61.5064
3.7,9,61.542723
4.6,3,61.568076
4.9,1,61.589744
4.6,3,61.618602
4.15,6,61.650918
4.0,7,61.684117
4.15,6,61.718352
4.15,6,61.751683
4.6,3,61.778294
4.15,6,61.81659
4.0,7,61.851299
3.85,8,61.884951
3.85,8,61.916924
4.15,6,61.945503
3.4,11,61.994976
4.6,3,62.023952
-3.5,11,62.061447
3.4,11,62.098558
4.0,7,62.131501
-3.35,8,62.165328
4.75,2,62.189589
4.75,2,62.223157
4.75,2,62.25215
3.85,8,62.28607
3.85,8,62.318915
-3.45,10,62.359884
4.3,5,62.391308
4.3,5,62.424395
3.55,10,62.464997
-3.5,11,62.508657
4.0,7,62.544863
-3.5,11,62.585535
-3.25,6,62.616817
4.3,5,62.649436
-3.3,7,62.684301
4.45,4,62.714396
4.9,1,62.742992
3.55,10,62.78012
3.55,10,62.81479
3.7,9,62.997954
4.75,2,63.026603
4.6,3,63.052792
4.3,5,63.083008
-1.75,15,63.126858
-3.7,15,63.184909
4.45,4,63.2124
3.55,10,63.2485
4.45,4,63.275088
4.15,6,63.307845
4.0,7,63.341057
-3.7,15,63.386664
4.45,4,63.416056
3.25,12,63.453962
4.75,2,63.476919
4.3,5,63.504759
4.0,7,63.536509
4.45,4,63.564608
3.7,9,63.600228
3.55,10,63.636719
3.55,10,63.676876
4.45,4,63.705963
4.15,6,63.737157
4.45,4,63.764337
4.3,5,63.791833
4.3,5,63.822321
3.85,8,63.859157
4.75,2,63.885193
4.0,7,63.919354
-3.3,7,63.96638
3.85,8,64.006499
4.6,3,64.04396
3.85,8,64.089695
-3.4,9,64.12965
-3.5,11,64.170175
4.75,2,64.196704
4.3,5,64.226611
3.85,8,64.420545
4.6,3,64.44427
4.15,6,64.472691
3.7,9,64.507401
-3.55,12,64.544074
3.85,8,64.579639
-3.55,12,64.629797
4.75,2,64.656118
4.3,5,64.684826
-3.35,8,64.716606
4.6,3,64.742147
4.3,5,64.770378
4.3,5,64.79788
3.85,8,64.831415
4.6,3,64.858234
4.6,3,64.886144
-3.7,15,64.92711
-3.35,8,64.965876
3.85,8,65.003968
4.45,4,65.031961
4.0,7,65.067969
4.0,7,65.104729
4.45,4,65.136368
4.45,4,65.165652
3.7,9,65.205922
-3.65,14,65.251206
4.6,3,65.280088
-1.75,15,65.326038
4.0,7,65.364399
4.3,5,65.393443
4.3,5,65.425467
-3.7,15,65.47291
4.45,4,65.506002
4.45,4,65.540783
-3.65,14,65.591637
-3.55,12,65.803646
3.7,9,65.843451
4.75,2,65.869576
3.7,9,65.908416
4.0,7,65.944097
3.55,10,65.988221
-3.4,9,66.022317
4.45,4,66.050954
3.4,11,66.087749
4.75,2,66.109143
-3.6,13,66.153193
4.75,2,66.182882
-3.6,13,66.22416
3.85,8,66.258265
4.6,3,66.285518
4.6,3,66.307879
4.45,4,66.335481
-3.5,11,66.370287
-3.5,11,66.406975
3.4,11,66.442937
-3.6,13,66.487711
4.3,5,66.51769
4.15,6,66.554036
-3.45,10,66.592623
4.15,6,66.626231
4.15,6,66.658219
4.45,4,66.685011
4.45,4,66.715949
3.85,8,66.750115
3.55,10,66.784294
3.85,8,66.813097
-1.75,15,66.861164
4.3,5,66.888242
3.7,9,66.925008
3.85,8,67.130082
3.7,9,67.168018
3.85,8,67.207971
3.25,12,67.255109
3.85,8,67.293127
3.85,8,67.329503
4.15,6,67.362117
4.45,4,67.388973
4.75,2,67.414838
4.3,5,67.443883
4.15,6,67.479363
4.45,4,67.506749
-3.5,11,67.550611
4.0,7,67.584121
4.3,5,67.615183
4.3,5,67.643277
-3.35,8,67.674836
3.85,8,67.719794
-3.65,14,67.764755
3.4,11,67.809379
4.45,4,67.841323
-3.5,11,67.88205
4.75,2,67.909028
3.7,9,67.948099
4.45,4,67.974352
3.85,8,68.00909
4.15,6,68.041314
4.75,2,68.068667
4.3,5,68.097412
3.7,9,68.131589
-3.1,3,68.154516
4.6,3,68.182234
3.1,13,68.228393
4.6,3,68.260052
4.75,2,68.283707
3.85,8,68.315146
4.45,4,68.342403
3.55,10,68.379748
3.4,11,68.579352
4.15,6,68.611953
3.55,10,68.653473
4.45,4,68.685265
4.0,7,68.725345
-1.75,15,68.773365
4.6,3,68.800187
4.75,2,68.824159
4.6,3,68.852814
2.95,14,68.895575
3.85,8,68.928787
-3.45,10,68.966109
4.9,1,68.988316
4.6,3,69.018252
4.75,2,69.047802
4.45,4,69.084862
4.6,3,69.112885
4.9,1,69.138673
3.85,8,69.175395
4.0,7,69.21026
3.4,11,69.256522
4.45,4,69.288273
4.6,3,69.316595
3.4,11,69.35822
4.15,6,69.390394
4.45,4,69.418457
-3.5,11,69.453158
4.45,4,69.478456
4.0,7,69.512033
4.0,7,69.544845
3.85,8,69.576608
4.15,6,69.612494
4.45,4,69.65239
-3.5,11,69.696345
4.0,7,69.725601
4.15,6,69.755475
-3.35,8,69.791764
-3.6,13,69.833085
4.3,5,69.861072
4.6,3,70.032977
-3.6,13,70.071272
4.15,6,70.10071
3.85,8,70.131739
-1.75,15,70.178958
4.3,5,70.216271
4.0,7,70.254876
4.45,4,70.290407
3.55,10,70.334022
-3.45,10,70.378863
4.3,5,70.4127
4.9,1,70.436156
-3.25,6,70.474841
4.45,4,70.507777
4.3,5,70.544241
4.75,2,70.570973
3.7,9,70.61453
4.0,7,70.647542
3.7,9,70.681256
-3.4,9,70.717933
4.75,2,70.741834
-1.75,15,70.786145
4.6,3,70.811733
4.15,6,70.851376
-1.75,15,70.894253
4.6,3,70.917449
4.0,7,70.949722
3.1,13,70.989691
4.75,2,71.017362
-1.75,15,71.064865
4.15,6,71.095142
-3.5,11,71.133062
4.75,2,71.158352
4.45,4,71.188099
4.45,4,71.215984
3.7,9,71.251788
3.7,9,71.439735
4.15,6,71.476553
4.9,1,71.501527
4.75,2,71.534065
4.6,3,71.562132
4.45,4,71.591928
3.55,10,71.631377
-3.6,13,71.670045
-1.75,15,71.713904
-3.55,12,71.765011
-3.35,8,71.811511
4.15,6,71.84763
4.6,3,71.87805
4.75,2,71.910426
3.4,11,71.962692
4.45,4,71.99604
-3.6,13,72.043865
4.45,4,72.076684
4.15,6,72.109262
3.7,9,72.146375
4.45,4,72.177192
-1.75,15,72.219534
-3.4,9,72.258394
4.15,6,72.294307
-1.75,15,72.344689
3.55,10,72.385364
4.45,4,72.41555
-1.75,15,72.462502
3.85,8,72.501951
4.3,5,72.533137
3.7,9,72.566756
-1.75,15,72.614365
-1.75,15,72.818694
-3.6,13,72.859194
3.4,11,72.901739
4.15,6,72.94093
4.75,2,72.968542
4.6,3,72.998065
4.6,3,73.024453
-3.55,12,73.067063
4.45,4,73.091411
4.0,7,73.125631
4.0,7,73.160261
3.85,8,73.19438
4.45,4,73.22378
4.45,4,73.251962
4.75,2,73.275657
3.55,10,73.318126
4.15,6,73.35478
4.3,5,73.389076
3.4,11,73.432407
-3.65,14,73.48371
4.0,7,73.523525
4.3,5,73.556715
3.4,11,73.600502
3.25,12,73.647875
4.3,5,73.6784
4.3,5,73.710517
-1.75,15,73.763784
-1.75,15,73.818534
4.3,5,73.848914
4.6,3,73.880599
4.6,3,73.909484
3.85,8,73.945919
4.45,4,73.972008
3.4,11,74.009734
-3.6,13,74.197841
-3.5,11,74.24178
4.0,7,74.280602
-3.6,13,74.318836
3.4,11,74.355788
4.3,5,74.383664
-1.75,15,74.43208
4.75,2,74.458017
-3.6,13,74.501315
3.7,9,74.538743
3.85,8,74.579165
4.15,6,74.608357
-3.7,15,74.65472
4.15,6,74.694345
4.0,7,74.73475
4.15,6,74.767437
-1.75,15,74.814338
4.6,3,74.840682
4.3,5,74.878314
3.7,9,74.919879
4.6,3,74.953536
4.6,3,74.986615
4.45,4,75.025377
4.15,6,75.065976
-3.45,10,75.114571
4.0,7,75.152778
4.45,4,75.187505
4.15,6,75.224486
4.45,4,75.255631
3.7,9,75.304183
-3.7,15,75.359518
3.55,10,75.555305
4.9,1,75.582356
-3.65,14,75.623012
3.4,11,75.66324
4.3,5,75.690979
4.3,5,75.720159
4.45,4,75.748565
-1.75,15,75.792761
4.15,6,75.820111
-3.55,12,75.863921
-3.3,7,75.8948
4.6,3,75.920672
-3.7,15,75.968313
4.75,2,75.993617
4.3,5,76.026582
4.75,2,76.055749
4.6,3,76.084536
4.15,6,76.117181
4.6,3,76.144725
3.7,9,76.183551
4.75,2,76.207223
4.75,2,76.238322
4.3,5,76.273514
4.6,3,76.307652
3.25,12,76.351292
3.7,9,76.397463
-3.6,13,76.438823
4.45,4,76.467525
-3.65,14,76.520019
4.45,4,76.553657
4.6,3,76.581192
4.0,7,76.617133
3.55,10,76.657641
4.0,7,76.69687
4.0,7,76.72989
4.15,6,76.763195
-3.45,10,76.799579
3.25,12,76.999927
-1.75,15,77.051295
4.6,3,77.079148
4.15,6,77.115865
4.0,7,77.151442
3.55,10,77.189776
4.9,1,77.213147
4.0,7,77.252483
-3.7,15,77.292109
4.0,7,77.323649
-3.7,15,77.369255
-3.7,15,77.418373
4.3,5,77.447539
4.3,5,77.476141
4.75,2,77.499391
3.85,8,77.534379
3.55,10,77.574864
3.7,9,77.608784
4.45,4,77.642812
-3.55,12,77.682436
4.0,7,77.712022
4.45,4,77.741951
-3.4,9,77.782017
4.3,5,77.807607
4.15,6,77.837706
4.75,2,77.863772
-1.75,15,77.904527
-3.4,9,77.942916
-3.5,11,77.983799
4.75,2,78.007536
4.0,7,78.039793
-3.4,9,78.077338
4.15,6,78.106187
4.75,2,78.134585
4.45,4,78.323405
4.0,7,78.363278
3.85,8,78.402442
4.6,3,78.435528
4.45,4,78.470292
4.0,7,78.511146
4.3,5,78.551573
4.45,4,78.590801
3.85,8,78.633327
3.55,10,78.670097
4.0,7,78.705206
3.4,11,78.743045
4.3,5,78.770641
4.0,7,78.805062
4.15,6,78.835664
4.45,4,78.863359
3.85,8,78.893982
4.75,2,78.91821
3.85,8,78.949775
-3.55,12,78.988253
3.4,11,79.026931
4.0,7,79.055475
4.6,3,79.083546
-3.45,10,79.124774
4.6,3,79.151244
3.4,11,79.191097
4.45,4,79.216548
3.7,9,79.252677
4.75,2,79.273567
-3.5,11,79.31777
4.0,7,79.350954
4.45,4,79.377141
4.45,4,79.406403
4.3,5,79.437295
4.15,6,79.470508
4.45,4,79.504856
-3.5,11,79.545203
4.3,5,79.575992
4.75,2,79.603259
3.85,8,79.639865
4.9,1,79.663691
4.6,3,79.867303
4.6,3,79.891948
4.75,2,79.919124
3.25,12,79.968278
4.6,3,80.001675
-3.4,9,80.040297
-3.55,12,80.084978
4.75,2,80.108416
4.15,6,80.143266
4.45,4,80.172321
-3.6,13,80.211319
4.75,2,80.236252
4.3,5,80.272009
4.0,7,80.307798
3.7,9,80.343007
4.75,2,80.366337
-3.45,10,80.402222
3.7,9,80.434859
-3.3,7,80.468193
4.3,5,80.494875
4.6,3,80.520972
-3.7,15,80.566171
-3.3,7,80.59563
4.6,3,80.627034
3.7,9,80.665467
4.3,5,80.698289
4.0,7,80.733221
4.15,6,80.760536
3.7,9,80.793302
4.75,2,80.815895
4.45,4,80.845899
-3.65,14,80.892347
3.7,9,80.929732
-1.75,15,80.972353
-1.75,15,81.014969
-3.7,15,81.201091
3.7,9,81.241696
4.6,3,81.269647
3.85,8,81.311071
4.75,2,81.336629
-3.55,12,81.380909
4.75,2,81.412821
-3.35,8,81.451214
4.45,4,81.478321
3.7,9,81.512008
3.1,13,81.556148
4.3,5,81.588901
-1.75,15,81.639733
4.6,3,81.668355
-3.7,15,81.714914
4.75,2,81.741123
3.85,8,81.775966
-3.35,8,81.807257
-1.75,15,81.853411
3.7,9,81.893106
4.45,4,81.927415
4.15,6,81.961775
3.4,11,82.005993
4.15,6,82.042392
4.75,2,82.067562
4.3,5,82.105069
3.85,8,82.149955
3.85,8,82.183558
4.45,4,82.208059
3.55,10,82.244222
4.6,3,82.267843
4.6,3,82.294874
3.4,11,82.331692
-3.65,14,82.373945
4.75,2,82.400669
4.45,4,82.585884
4.9,1,82.612313
4.15,6,82.648925
4.15,6,82.688221
4.3,5,82.722575
4.75,2,82.749365
4.45,4,82.77771
4.3,5,82.813186
4.0,7,82.8454
4.6,3,82.873385
4.6,3,82.902142
4.45,4,82.928159
4.45,4,82.961518
4.15,6,82.997475
4.75,2,83.020012
4.6,3,83.049868
4.75,2,83.073284
4.15,6,83.105831
4.45,4,83.135913
4.3,5,83.165092
4.0,7,83.196217
4.3,5,83.230385
4.0,7,83.267706
4.6,3,83.301905
4.75,2,83.32806
4.0,7,83.359628
4.6,3,83.385164
-3.7,15,83.428258
-3.5,11,83.465622
3.85,8,83.505462
4.75,2,83.531638
3.25,12,83.568675
4.15,6,83.601235
3.25,12,83.638044
4.45,4,83.664628
4.45,4,83.696023
4.15,6,83.734587
-1.75,15,83.778053
4.75,2,83.801938
-1.75,15,83.845718
3.85,8,83.879621
4.6,3,83.906808
4.15,6,83.93835
4.75,2,83.96261
3.55,10,84.003554
4.75,2,84.173822
-3.55,12,84.211974
4.15,6,84.242327
4.6,3,84.270291
3.55,10,84.304722
-3.65,14,84.348058
4.6,3,84.381459
4.3,5,84.412311
-3.65,14,84.467312
4.45,4,84.503422
3.7,9,84.543031
4.45,4,84.571895
3.7,9,84.612309
4.3,5,84.642716
4.45,4,84.673707
4.75,2,84.69874
4.45,4,84.725317
4.75,2,84.749054
4.6,3,84.776257
4.9,1,84.80233
4.75,2,84.828282
4.3,5,84.859411
3.4,11,84.895861
4.45,4,84.92166
4.3,5,84.952112
4.3,5,84.982682
3.7,9,85.015986
-3.35,8,85.048607
4.75,2,85.071405
-3.5,11,85.113724
3.55,10,85.155765
4.45,4,85.182419
-3.5,11,85.222466
3.85,8,85.257886
4.0,7,85.291762
-3.6,13,85.338418
4.3,5,85.369961
4.75,2,85.401098
4.0,7,85.438133
-3.55,12,85.478759
4.45,4,85.666143
4.3,5,85.697578
4.15,6,85.725752
4.0,7,85.758616
3.55,10,85.792646
4.15,6,85.825804
4.6,3,85.851067
-3.7,15,85.896804
3.4,11,85.939004
4.6,3,85.96842
-1.75,15,86.01806
-3.45,10,86.065232
4.15,6,86.097627
3.4,11,86.134206
3.85,8,86.168371
-3.25,6,86.198797
4.75,2,86.224484
4.15,6,86.257713
3.85,8,86.293701
4.45,4,86.321144
3.4,11,86.365909
3.7,9,86.401045
4.3,5,86.428908
4.45,4,86.452855
4.0,7,86.482705
-3.3,7,86.514951
-3.65,14,86.55695
-3.55,12,86.596713
4.3,5,86.623034
4.15,6,86.653641
-1.75,15,86.70041
4.3,5,86.733587
4.15,6,86.765108
-3.55,12,86.961667
-3.6,13,87.001954
-3.6,13,87.054396
3.25,12,87.092075
4.6,3,87.121227
3.55,10,87.15529
4.75,2,87.178778
3.4,11,87.216066
4.0,7,87.248172
-3.4,9,87.28261
-3.3,7,87.321927
4.15,6,87.352982
-3.6,13,87.392306
4.0,7,87.425135
4.3,5,87.456651
4.3,5,87.487402
4.0,7,87.52099
3.55,10,87.561012
3.7,9,87.599144
4.75,2,87.622872
4.45,4,87.652575
4.0,7,87.696605
4.0,7,87.733115
4.75,2,87.761303
4.6,3,87.788046
4.15,6,87.817069
4.15,6,87.850881
-3.45,10,87.892806
4.15,6,87.921901
-3.55,12,87.961493
4.45,4,87.997322
4.6,3,88.027743
-3.55,12,88.070239
-3.55,12,88.110336
4.0,7,88.285209
4.6,3,88.314441
3.25,12,88.352904
-1.75,15,88.398627
4.6,3,88.424403
4.9,1,88.451545
4.9,1,88.474085
4.45,4,88.504903
3.55,10,88.544638
4.9,1,88.568577
4.75,2,88.597867
3.55,10,88.636922
4.15,6,88.672236
3.25,12,88.712533
4.15,6,88.750648
4.6,3,88.785478
4.0,7,88.822148
4.45,4,88.849475
-3.5,11,88.885767
3.85,8,88.924958
-1.75,15,88.966089
3.7,9,89.000014
4.6,3,89.028614
4.75,2,89.057641
4.9,1,89.0855
3.25,12,89.131908
4.0,7,89.168798
4.15,6,89.208942
-3.25,6,89.248143
3.85,8,89.28457
-3.7,15,89.330387
4.45,4,89.356941
4.45,4,89.386028
4.3,5,89.421051
-3.15,4,89.454469
-1.75,15,89.504545
4.3,5,89.535617
4.0,7,89.571513
4.3,5,89.601614
3.55,10,89.773068
-1.75,15,89.815869
4.45,4,89.842568
-1.75,15,89.882863
4.45,4,89.906961
3.85,8,89.941087
4.3,5,89.971651
4.45,4,89.998203
4.3,5,90.02631
3.85,8,90.06123
3.7,9,90.095786
4.3,5,90.126543
4.6,3,90.150234
4.3,5,90.181715
4.15,6,90.210577
3.25,12,90.248221
4.15,6,90.277516
4.45,4,90.304274
4.6,3,90.333505
4.6,3,90.359444
4.0,7,90.3926
3.85,8,90.427241
4.15,6,90.455728
-3.6,13,90.497401
4.3,5,90.528039
4.45,4,90.553698
3.85,8,90.588982
-1.75,15,90.636041
3.85,8,90.672562
4.0,7,90.708327
4.75,2,90.735528
4.6,3,90.766216
-1.75,15,90.808911
4.9,1,90.830625
4.3,5,90.859617
3.85,8,90.894469
4.3,5,90.920018
4.0,7,91.104269
3.7,9,91.145048
3.25,12,91.180789
-3.7,15,91.220817
4.6,3,91.247092
4.45,4,91.273483
-3.5,11,91.31805
4.3,5,91.349858
4.45,4,91.385393
-3.6,13,91.435099
3.7,9,91.468358
4.9,1,91.492704
4.15,6,91.531403
4.3,5,91.56672
4.45,4,91.604658
3.7,9,91.641713
3.85,8,91.675879
3.55,10,91.713842
-3.65,14,91.75596
-3.55,12,91.798509
4.3,5,91.827887
-3.35,8,91.864762
4.0,7,91.903119
3.55,10,91.94228
4.75,2,91.967426
-3.7,15,92.017602
4.75,2,92.046571
4.75,2,92.070466
4.75,2,92.097425
3.4,11,92.141112
4.3,5,92.177278
4.15,6,92.212092
-3.65,14,92.261012
3.85,8,92.297336
4.45,4,92.48648
3.55,10,92.525448
4.75,2,92.551667
3.4,11,92.593579
-3.25,6,92.627934
3.7,9,92.669273
4.6,3,92.696302
4.75,2,92.721143
4.75,2,92.747364
3.4,11,92.784106
4.6,3,92.811748
-3.4,9,92.846427
3.55,10,92.883541
-3.5,11,92.922247
3.1,13,92.960963
-3.65,14,93.002134
4.15,6,93.034946
4.75,2,93.067685
3.7,9,93.109466
4.15,6,93.137447
4.45,4,93.165368
3.55,10,93.202573
4.3,5,93.232054
4.15,6,93.266243
4.75,2,93.286509
4.6,3,93.314359
4.45,4,93.348519
3.55,10,93.394391
4.75,2,93.420317
4.6,3,93.449443
4.15,6,93.477663
4.45,4,93.508782
4.15,6,93.540664
-3.5,11,93.581578
4.45,4,93.609996
4.15,6,93.639785
3.25,12,93.683073
-3.6,13,93.727562
4.45,4,93.923675
4.3,5,93.956495
-1.75,15,94.001487
3.55,10,94.038766
-3.7,15,94.086089
4.0,7,94.12321
4.0,7,94.160111
4.45,4,94.188497
4.0,7,94.223028
4.15,6,94.262945
-3.7,15,94.305166
3.85,8,94.337926
3.25,12,94.380187
-3.6,13,94.418243
4.9,1,94.443543
4.3,5,94.470311
-3.45,10,94.508888
4.3,5,94.540933
3.55,10,94.579235
-3.5,11,94.615439
3.25,12,94.653353
4.3,5,94.688815
4.6,3,94.715591
4.15,6,94.746683
4.45,4,94.77609
4.6,3,94.801268
4.75,2,94.824629
3.85,8,94.85672
4.3,5,94.883983
4.45,4,94.914648
4.6,3,94.943497
4.15,6,94.972057
4.3,5,95.003263
4.6,3,95.0289
4.0,7,95.070783
3.4,11,95.11293
-1.75,15,95.332212
4.6,3,95.359668
3.25,12,95.40633
4.6,3,95.435015
3.85,8,95.472882
2.95,14,95.518994
4.9,1,95.542197
-1.75,15,95.587896
-3.5,11,95.625681
4.6,3,95.654537
4.15,6,95.694469
3.7,9,95.72931
4.15,6,95.762364
3.7,9,95.799876
4.6,3,95.82665
-3.4,9,95.864489
4.15,6,95.895692
3.85,8,95.932127
4.0,7,95.967465
4.75,2,95.991051
4.3,5,96.023342
4.75,2,96.048885
3.85,8,96.080378
4.75,2,96.105743
4.6,3,96.133291
4.0,7,96.166184
3.4,11,96.221992
3.7,9,96.264324
4.75,2,96.291074
3.85,8,96.328706
4.75,2,96.356517
4.75,2,96.382447
4.0,7,96.415532
3.55,10,96.452229
-1.75,15,96.498955
4.15,6,96.529524
3.85,8,96.561472
4.0,7,96.74952
4.9,1,96.770741
4.15,6,96.802505
3.55,10,96.83629
3.4,11,96.873495
4.75,2,96.899083
4.45,4,96.927115
4.15,6,96.956188
3.85,8,96.988366
4.75,2,97.014374
3.7,9,97.063075
4.45,4,97.09209
4.6,3,97.117479
4.0,7,97.154593
4.75,2,97.196003
-3.25,6,97.234604
3.4,11,97.281011
4.6,3,97.315645
-3.45,10,97.350136
4.45,4,97.382365
4.0,7,97.419166
3.4,11,97.457031
4.3,5,97.486617
-1.75,15,97.541117
3.4,11,97.580024
4.15,6,97.613329
-1.75,15,97.656998
-3.35,8,97.691115
3.4,11,97.734413
-1.75,15,97.777035
3.25,12,97.814029
4.6,3,97.847054
4.0,7,97.889719
4.15,6,97.921342
4.3,5,97.951549
4.15,6,98.139755
4.3,5,98.168227
4.15,6,98.196352
-3.65,14,98.245311
-3.6,13,98.2895
4.0,7,98.325563
4.0,7,98.359806
3.7,9,98.392736
4.45,4,98.418601
4.15,6,98.45049
4.6,3,98.486054
-1.75,15,98.537232
3.7,9,98.586262
4.45,4,98.623645
4.75,2,98.659101
4.9,1,98.693491
4.3,5,98.729903
-3.6,13,98.775313
4.45,4,98.809702
-3.65,14,98.849392
4.3,5,98.877647
3.85,8,98.909847
4.15,6,98.944059
4.15,6,98.977225
3.55,10,99.019097
3.4,11,99.056372
4.3,5,99.084789
3.85,8,99.114842
3.7,9,99.150321
4.15,6,99.182112
3.4,11,99.218911
3.25,12,99.261576
3.7,9,99.297337
4.75,2,99.326345
-3.6,13,99.52314
-3.65,14,99.569142
4.6,3,99.595493
4.0,7,99.626369
3.85,8,99.662245
4.3,5,99.690035
4.0,7,99.722975
4.6,3,99.750026
4.0,7,99.788307
4.15,6,99.822018
4.15,6,99.851106
4.3,5,99.881175
-3.55,12,99.919528
4.45,4,99.948808
4.6,3,99.974034
4.3,5,100.004154
3.25,12,100.048302
3.85,8,100.083746
4.15,6,100.119592
4.6,3,100.148281
4.75,2,100.18296
3.85,8,100.223301
4.6,3,100.255426
4.75,2,100.284947
4.9,1,100.314447
4.45,4,100.351144
4.0,7,100.387766
4.45,4,100.422961
3.55,10,100.465477
4.3,5,100.497182
-3.6,13,100.550173
3.4,11,100.593561
4.75,2,100.626487
4.3,5,100.654685
4.0,7,100.687233
4.3,5,100.719403
4.75,2,100.747139
-3.5,11,100.78718
4.45,4,100.814262
4.15,6,100.846071
-3.5,11,100.884859
4.75,2,101.072017
-3.6,13,101.115329
4.6,3,101.144674
-3.65,14,101.186739
4.45,4,101.21443
4.6,3,101.242439
3.7,9,101.278211
3.85,8,101.31641
3.7,9,101.360145
3.55,10,101.398553
4.15,6,101.431899
4.45,4,101.460635
3.55,10,101.499072
-1.75,15,101.539444
4.6,3,101.567137
3.85,8,101.599679
-3.65,14,101.65117
3.4,11,101.696452
4.6,3,101.723515
3.55,10,101.759094
4.6,3,101.785304
3.85,8,101.821979
-3.6,13,101.863597
3.25,12,101.902712
3.55,10,101.944805
4.3,5,101.977899
4.6,3,102.007389
4.75,2,102.035304
3.55,10,102.085956
4.45,4,102.123403
4.45,4,102.163437
3.85,8,102.207127
4.0,7,102.239274
-3.6,13,102.429985
4.75,2,102.452572
4.45,4,102.480482
3.7,9,102.517028
3.1,13,102.556179
3.25,12,102.597672
4.75,2,102.622368
3.55,10,102.65863
3.25,12,102.703463
4.6,3,102.734467
4.75,2,102.75974
-1.75,15,102.804902
3.85,8,102.836246
4.6,3,102.860021
-3.55,12,102.900373
4.45,4,102.933105
4.0,7,102.966469
3.85,8,103.008087
3.85,8,103.039305
-3.55,12,103.079937
4.45,4,103.112839
4.75,2,103.134772
4.9,1,103.158633
4.45,4,103.191347
4.45,4,103.222835
4.6,3,103.257637
4.6,3,103.286971
3.4,11,103.335962
3.55,10,103.384179
4.75,2,103.417302
4.0,7,103.454293
4.6,3,103.482406
4.3,5,103.515673
4.3,5,103.549591
3.55,10,103.585784
4.9,1,103.609614
3.25,12,103.650856
4.6,3,103.680095
4.75,2,103.716035
4.6,3,103.743511
-3.65,14,103.931586
4.3,5,103.963899
4.15,6,103.992711
-3.65,14,104.034702
4.6,3,104.063722
3.7,9,104.100805
4.45,4,104.128118
4.6,3,104.152407
-3.35,8,104.184324
3.7,9,104.216825
3.85,8,104.251172
4.3,5,104.28493
4.6,3,104.31312
4.6,3,104.336094
-3.5,11,104.376626
-3.65,14,104.4209
4.6,3,104.449549
4.3,5,104.478074
-3.5,11,104.517166
-3.5,11,104.552832
4.3,5,104.585523
4.6,3,104.61157
4.45,4,104.641192
3.85,8,104.676791
4.75,2,104.701324
-3.6,13,104.742269
4.45,4,104.768941
4.75,2,104.795031
3.85,8,104.831824
4.15,6,104.868313
4.6,3,104.897397
4.75,2,104.92994
-3.7,15,104.972823
3.85,8,105.007377
4.75,2,105.030935
4.15,6,105.062883
3.85,8,105.100441
-3.45,10,105.142809
3.55,10,105.35394
3.85,8,105.389382
4.0,7,105.427665
3.7,9,105.467945
3.85,8,105.503678
4.6,3,105.531812
3.7,9,105.568416
4.6,3,105.594592
4.0,7,105.622724
4.45,4,105.651818
4.45,4,105.68468
-3.5,11,105.727674
4.45,4,105.755597
4.75,2,105.782153
3.55,10,105.824498
3.55,10,105.862341
-3.65,14,105.907671
4.45,4,105.935209
-3.55,12,105.975938
3.55,10,106.011789
4.45,4,106.038255
4.6,3,106.065491
4.6,3,106.092816
3.85,8,106.127604
4.45,4,106.152028
3.4,11,106.191514
4.75,2,106.21621
4.0,7,106.245864
3.7,9,106.28253
4.3,5,106.312408
4.45,4,106.339185
4.3,5,106.375869
3.7,9,106.41497
3.25,12,106.463239
3.7,9,106.501577
4.15,6,106.541435
4.75,2,106.573048
4.45,4,106.605152
4.6,3,106.633102
4.75,2,106.660711
3.55,10,106.849992
4.6,3,106.876256
4.75,2,106.900516
-3.55,12,106.939178
4.45,4,106.966783
4.9,1,106.985875
4.15,6,107.017857
4.3,5,107.048385
-3.45,10,107.081521
-3.6,13,107.118
-3.5,11,107.159547
4.6,3,107.186492
4.3,5,107.219827
4.15,6,107.251576
4.6,3,107.277486
4.75,2,107.303648
3.85,8,107.344146
4.6,3,107.371857
4.6,3,107.401373
4.75,2,107.428329
4.45,4,107.457824
3.85,8,107.491572
4.15,6,107.52406
4.3,5,107.556386
4.15,6,107.586983
4.15,6,107.615068
4.0,7,107.646358
-3.6,13,107.685655
3.7,9,107.727272
-3.25,6,107.764939
3.85,8,107.796802
-3.65,14,107.850327
4.0,7,107.881129
4.6,3,107.905761
4.75,2,107.93099
4.3,5,107.963622
4.6,3,108.003402
4.3,5,108.033423
4.6,3,108.065637
-3.15,4,108.100913
4.6,3,108.138014
-3.5,11,108.190031
3.7,9,108.229252
4.3,5,108.421881
4.75,2,108.447955
3.7,9,108.489847
-3.55,12,108.533133
4.15,6,108.569387
4.9,1,108.597507
3.85,8,108.643148
4.75,2,108.667983
-3.65,14,108.720733
4.75,2,108.748278
4.15,6,108.781401
3.85,8,108.816124
4.75,2,108.844384
4.15,6,108.872208
4.0,7,108.907054
4.75,2,108.931901
4.0,7,108.965426
3.7,9,108.999602
4.0,7,109.032059
-3.55,12,109.069021
4.3,5,109.100371
4.45,4,109.12641
4.0,7,109.158276
4.15,6,109.186766
-3.55,12,109.221297
4.0,7,109.252448
4.0,7,109.280302
-3.55,12,109.316704
4.15,6,109.344316
4.6,3,109.367078
3.85,8,109.402986
4.45,4,109.428075
4.3,5,109.45851
3.4,11,109.494775
-3.55,12,109.537476
4.45,4,109.569149
3.7,9,109.61376
4.75,2,109.642132
4.45,4,109.673724
4.15,6,109.85947
4.0,7,109.893398
4.3,5,109.93011
3.85,8,109.966269
4.0,7,110.005449
4.45,4,110.037048
4.45,4,110.065504
-3.5,11,110.101421
4.6,3,110.135045
4.45,4,110.163536
4.6,3,110.187257
4.6,3,110.211827
3.85,8,110.246704
3.55,10,110.282526
4.0,7,110.316532
4.75,2,110.342664
-3.5,11,110.383227
3.7,9,110.4277
3.85,8,110.470098
3.25,12,110.516425
-3.5,11,110.555725
3.55,10,110.595206
4.45,4,110.624778
4.45,4,110.654435
3.85,8,110.689546
4.45,4,110.719109
4.45,4,110.747889
4.45,4,110.774493
4.75,2,110.79855
-3.45,10,110.834941
4.15,6,110.863547
4.0,7,110.895308
3.55,10,110.929742
4.15,6,110.961138
3.85,8,110.997699
4.45,4,111.028217
4.15,6,111.058321
4.6,3,111.085067
4.75,2,111.111849
3.85,8,111.163806
3.85,8,111.424942
4.6,3,111.452021
4.45,4,111.490654
4.75,2,111.518311
3.7,9,111.557324
4.6,3,111.589988
4.3,5,111.622891
4.45,4,111.651176
-3.55,12,111.696981
3.7,9,111.732672
4.15,6,111.764825
3.4,11,111.801867
-3.45,10,111.838469
3.55,10,111.875606
4.6,3,111.904302
4.6,3,111.946214
-3.55,12,111.994925
4.3,5,112.028932
4.75,2,112.05073
4.45,4,112.076323
4.45,4,112.101949
4.3,5,112.133276
3.25,12,112.175436
3.85,8,112.215557
4.45,4,112.243361
-3.45,10,112.281296
4.0,7,112.31858
4.75,2,112.345604
4.0,7,112.376973
4.15,6,112.409217
4.75,2,112.435377
3.7,9,112.469637
4.3,5,112.496332
3.55,10,112.530682
4.3,5,112.558569
4.3,5,112.585814
4.15,6,112.61971
3.85,8,112.659698
4.15,6,112.691493
-3.2,5,112.725676
4.0,7,112.760082
4.9,1,112.787874
4.75,2,112.997177
-1.75,15,113.044646
4.3,5,113.079156
4.6,3,113.113241
3.7,9,113.161768
4.3,5,113.19614
4.6,3,113.22787
4.75,2,113.254438
3.7,9,113.289831
3.55,10,113.328918
-3.55,12,113.369159
4.45,4,113.397053
4.3,5,113.437081
4.45,4,113.466684
4.15,6,113.496874
4.3,5,113.526618
-3.45,10,113.560289
4.6,3,113.584334
4.75,2,113.611171
-3.65,14,113.658334
4.0,7,113.690152
3.85,8,113.726415
4.75,2,113.750446
3.7,9,113.786144
4.6,3,113.810995
4.45,4,113.836921
3.4,11,113.873093
-3.6,13,113.911917
4.9,1,113.945452
3.4,11,113.987142
4.3,5,114.016673
4.15,6,114.048758
4.45,4,114.077097
3.55,10,114.110307
4.45,4,114.137094
4.45,4,114.167868
3.85,8,114.199121
4.75,2,114.222467
-3.5,11,114.260332
4.15,6,114.294685
4.45,4,114.490129
4.9,1,114.510616
4.0,7,114.543921
4.0,7,114.582683
4.15,6,114.621086
4.45,4,114.649769
-1.75,15,114.698973
4.15,6,114.73038
4.3,5,114.758501
4.0,7,114.792843
-3.55,12,114.831443
-1.75,15,114.87253
-3.7,15,114.922236
4.75,2,114.946612
4.75,2,114.970054
-3.7,15,115.011405
4.75,2,115.03786
4.75,2,115.062713
4.0,7,115.095182
4.6,3,115.12845
4.15,6,115.166661
3.55,10,115.21214
4.6,3,115.243162
3.7,9,115.277395
4.0,7,115.311464
4.45,4,115.348512
4.45,4,115.380452
4.6,3,115.41542
4.3,5,115.443817
4.6,3,115.473445
-3.65,14,115.517085
4.15,6,115.54455
4.9,1,115.568127
4.9,1,115.592034
-1.75,15,115.631537
4.6,3,115.660204
-3.7,15,115.699901
-3.65,14,115.884091
3.7,9,115.920276
4.3,5,115.954268
-3.4,9,115.991703
4.75,2,116.025068
4.6,3,116.054137
3.4,11,116.098121
-1.75,15,116.150683
-3.4,9,116.188385
4.3,5,116.219587
4.45,4,116.249711
4.6,3,116.279029
-3.15,4,116.305203
4.75,2,116.341776
4.3,5,116.368901
4.3,5,116.396038
4.0,7,116.432189
4.15,6,116.463395
4.3,5,116.492125
4.0,7,116.524225
3.25,12,116.564502
4.45,4,116.591415
-3.3,7,116.627777
4.75,2,116.655448
-3.25,6,116.685143
4.6,3,116.71195
3.4,11,116.749575
4.15,6,116.780498
4.45,4,116.80783
-3.5,11,116.846844
-3.65,14,116.891374
3.25,12,116.941567
4.6,3,116.966593
4.45,4,116.996966
4.75,2,117.022657
4.6,3,117.046809
4.75,2,117.075653
4.75,2,117.103397
3.55,10,117.138349
4.75,2,117.16755
4.6,3,117.191622
4.45,4,117.219931
3.55,10,117.395315
4.0,7,117.432938
4.45,4,117.462825
4.0,7,117.506715
4.75,2,117.538418
-3.4,9,117.576906
-3.55,12,117.620986
4.15,6,117.657261
3.1,13,117.704141
4.3,5,117.735694
4.45,4,117.763669
4.6,3,117.790602
4.75,2,117.825779
4.3,5,117.866381
4.15,6,117.907053
4.75,2,117.931025
4.45,4,117.960951
4.3,5,117.990787
4.75,2,118.015998
3.85,8,118.048026
4.0,7,118.084258
4.15,6,118.115753
4.0,7,118.147451
4.0,7,118.180761
4.45,4,118.213196
3.7,9,118.262347
-1.75,15,118.308728
3.85,8,118.346384
4.45,4,118.376801
3.25,12,118.418451
4.75,2,118.444248
4.75,2,118.470855
3.85,8,118.511331
4.6,3,118.541798
4.15,6,118.580086
4.75,2,118.606805
4.15,6,118.639795
4.6,3,118.667103
4.15,6,118.697425
4.75,2,118.723799
4.15,6,118.759674
4.75,2,118.790928
4.6,3,118.82508
3.7,9,118.861029
4.0,7,118.890894
-3.5,11,119.096987
4.75,2,119.125038
4.75,2,119.152285
4.75,2,119.179434
4.15,6,119.213665
4.15,6,119.252962
4.0,7,119.289102
3.55,10,119.330706
4.6,3,119.359125
4.3,5,119.391885
4.6,3,119.417921
3.7,9,119.472003
3.4,11,119.529431
4.6,3,119.567621
-3.7,15,119.616253
-3.55,12,119.664529
4.75,2,119.692358
4.6,3,119.717422
3.85,8,119.753335
4.3,5,119.789244
3.55,10,119.828667
4.0,7,119.860855
-3.7,15,119.913796
4.6,3,119.945658
4.0,7,119.979951
4.6,3,120.008773
-3.35,8,120.042158
3.25,12,120.080276
-3.35,8,120.117909
3.4,11,120.158401
4.75,2,120.182096
4.15,6,120.216606
4.15,6,120.251851
3.55,10,120.290223
4.3,5,120.322137
4.75,2,120.347143
4.3,5,120.376719
4.3,5,120.407232
3.25,12,120.601095
4.0,7,120.633173
4.45,4,120.665311
4.45,4,120.695456
4.3,5,120.724732
4.45,4,120.752287
3.55,10,120.78884
3.85,8,120.825923
4.0,7,120.858045
4.45,4,120.887418
3.55,10,120.930055
3.4,11,120.97244
4.75,2,120.998111
4.0,7,121.034239
4.6,3,121.066065
-3.45,10,121.110763
4.75,2,121.134529
3.25,12,121.178121
4.9,1,121.200249
4.45,4,121.230449
4.75,2,121.254342
4.45,4,121.280753
4.3,5,121.313657
4.15,6,121.344819
4.9,1,121.365846
-3.25,6,121.399804
4.6,3,121.427974
-3.45,10,121.463059
-3.5,11,121.500252
3.7,9,121.535923
3.4,11,121.57592
4.0,7,121.612308
-3.15,4,121.645531
4.45,4,121.678118
-3.65,14,121.720145
3.25,12,121.760138
4.75,2,121.781039
4.75,2,121.805905
3.25,12,121.846645
4.3,5,121.881423
4.45,4,121.911788
4.45,4,121.942912
4.6,3,122.125721
4.75,2,122.16134
4.45,4,122.19601
4.75,2,122.229566
4.0,7,122.267817
3.85,8,122.310498
4.6,3,122.339921
3.85,8,122.376909
3.7,9,122.412042
-1.75,15,122.457294
3.4,11,122.495381
4.6,3,122.520746
4.15,6,122.560504
4.6,3,122.590457
4.15,6,122.626407
3.85,8,122.665453
3.85,8,122.698174
3.55,10,122.735437
3.55,10,122.771599
4.6,3,122.796127
-1.75,15,122.838763
4.15,6,122.871507
4.75,2,122.89931
4.6,3,122.924501
4.6,3,122.949531
3.7,9,122.983595
4.0,7,123.017854
4.45,4,123.046407
-3.2,5,123.07628
4.3,5,123.108919
4.75,2,123.13324
-1.75,15,123.177011
4.3,5,123.204503
4.0,7,123.235145
3.7,9,123.271744
4.15,6,123.300733
3.1,13,123.343361
3.25,12,123.520875
4.15,6,123.551618
3.25,12,123.58908
-1.75,15,123.636487
4.15,6,123.664545
4.3,5,123.695745
4.15,6,123.726607
4.6,3,123.750417
-1.75,15,123.795017
2.95,14,123.841405
4.3,5,123.873431
3.85,8,123.910485
3.4,11,123.949127
4.3,5,123.981504
4.15,6,124.015491
4.0,7,124.058009
4.45,4,124.090084
4.6,3,124.119803
3.25,12,124.162554
4.45,4,124.195462
-1.75,15,124.241045
4.0,7,124.272723
-1.75,15,124.323674
3.55,10,124.359797
4.75,2,124.380929
-1.75,15,124.429838
4.0,7,124.467033
4.15,6,124.499017
3.7,9,124.535833
3.7,9,124.577281
4.0,7,124.609781
4.0,7,124.797385
4.0,7,124.830403
2.95,14,124.870425
4.45,4,124.897548
4.6,3,124.92436
4.3,5,124.954552
4.15,6,124.98963
3.4,11,125.027066
4.45,4,125.059518
4.3,5,125.091624
4.3,5,125.128988
4.0,7,125.161312
4.3,5,125.191463
4.75,2,125.214078
4.6,3,125.242787
3.55,10,125.295218
3.55,10,125.338652
4.75,2,125.373772
4.75,2,125.405443
4.45,4,125.442584
4.45,4,125.473501
3.7,9,125.510616
4.3,5,125.543852
-1.75,15,125.600107
4.75,2,125.62943
4.6,3,125.659272
4.45,4,125.685085
3.4,11,125.729215
4.45,4,125.762389
4.6,3,125.790297
4.15,6,125.822659
4.45,4,125.848216
4.15,6,125.879305
3.85,8,125.912862
4.0,7,125.943981
3.7,9,125.977973
3.7,9,126.014086
4.6,3,126.043909
4.45,4,126.079553
4.45,4,126.109019
4.15,6,126.139528
4.45,4,126.172103
4.45,4,126.201959
4.3,5,126.233737
4.15,6,126.269834
4.0,7,126.455785
4.3,5,126.485835
3.55,10,126.52505
-3.35,8,126.556168
4.15,6,126.583347
4.6,3,126.611336
4.0,7,126.641181
-3.45,10,126.677773
3.85,8,126.710061
4.0,7,126.745138
4.15,6,126.774416
4.75,2,126.801464
4.6,3,126.828636
4.75,2,126.854747
4.9,1,126.878733
4.9,1,126.902812
4.15,6,126.941216
4.6,3,126.971634
3.7,9,127.01562
4.0,7,127.053754
3.85,8,127.090388
4.9,1,127.113318
3.85,8,127.147142
4.15,6,127.185765
4.75,2,127.213029
4.15,6,127.250949
4.3,5,127.280665
4.75,2,127.30933
4.15,6,127.345005
3.85,8,127.383675
4.3,5,127.416293
4.3,5,127.446081
4.15,6,127.478091
4.0,7,127.510906
3.25,12,127.55063
3.55,10,127.59162
4.75,2,127.615779
4.45,4,127.645288
3.4,11,127.687891
4.3,5,127.717685
4.15,6,127.747646
4.15,6,127.777033
3.85,8,127.810413
4.0,7,127.837144
4.3,5,128.02624
4.3,5,128.057711
3.4,11,128.099602
4.6,3,128.127956
3.85,8,128.159018
4.15,6,128.188934
3.7,9,128.225707
3.4,11,128.266505
4.75,2,128.291906
4.9,1,128.315035
4.6,3,128.342888
-1.75,15,128.383764
4.6,3,128.416599
-1.75,15,128.461227
4.15,6,128.493301
4.0,7,128.529032
-1.75,15,128.582961
3.55,10,128.633946
3.7,9,128.674458
4.45,4,128.704657
4.75,2,128.728805
3.55,10,128.772647
4.15,6,128.814387
4.6,3,128.8464
4.75,2,128.871755
4.6,3,128.900195
4.75,2,128.925607
4.6,3,128.953256
4.3,5,128.982753
4.6,3,129.012077
4.6,3,129.039166
-1.75,15,129.083742
3.85,8,129.123781
4.45,4,129.158242
4.75,2,129.186095
3.85,8,129.216137
4.75,2,129.242406
3.1,13,129.288911
4.0,7,129.325243
3.55,10,129.526614
4.6,3,129.554398
3.7,9,129.590777
4.9,1,129.61389
4.6,3,129.639774
3.4,11,129.677973
-3.5,11,129.713417
4.3,5,129.7453
4.75,2,129.771999
4.3,5,129.802162
3.7,9,129.8366
-3.45,10,129.874535
4.45,4,129.900938
4.6,3,129.928175
-3.45,10,129.963802
3.7,9,129.999675
4.15,6,130.031614
4.3,5,130.068366
4.45,4,130.097077
4.75,2,130.127035
-1.75,15,130.172032
3.85,8,130.205692
4.3,5,130.235816
3.7,9,130.273736
2.95,14,130.316343
-1.75,15,130.363366
3.4,11,130.407652
4.15,6,130.44558
3.4,11,130.494697
4.6,3,130.531431
4.45,4,130.569907
4.75,2,130.601215
4.45,4,130.63579
4.3,5,130.66794
4.0,7,130.700157
3.85,8,130.734718
4.3,5,130.764571
4.3,5,130.794363
4.75,2,130.818865
3.7,9,131.004375
-3.35,8,131.040554
4.45,4,131.07159
-1.75,15,131.117608
4.3,5,131.145061
-1.75,15,131.192235
4.0,7,131.229963
4.6,3,131.258013
-1.75,15,131.299634
3.55,10,131.347701
-3.4,9,131.389419
4.45,4,131.417147
3.85,8,131.45471
3.4,11,131.501464
4.45,4,131.530409
4.75,2,131.557567
4.45,4,131.587803
4.0,7,131.625713
3.85,8,131.673112
4.15,6,131.711568
-3.7,15,131.761187
-1.75,15,131.814309
4.6,3,131.843137
4.6,3,131.870319
3.1,13,131.920501
4.15,6,131.956077
4.3,5,131.996154
4.6,3,132.030001
4.45,4,132.059675
-1.75,15,132.112221
3.25,12,132.158371
3.7,9,132.195757
-1.75,15,132.423622
4.3,5,132.457267
4.45,4,132.484208
-1.75,15,132.530122
3.4,11,132.569344
4.6,3,132.59568
4.75,2,132.619807
4.0,7,132.652871
4.45,4,132.681121
4.3,5,132.711922
4.3,5,132.738636
4.45,4,132.765869
4.75,2,132.793403
4.45,4,132.82045
4.0,7,132.852997
4.3,5,132.882735
4.75,2,132.909911
4.45,4,132.937539
-3.45,10,132.973442
4.6,3,132.997802
4.15,6,133.030253
4.45,4,133.05764
4.0,7,133.089265
4.0,7,133.123682
4.6,3,133.149055
4.3,5,133.178882
4.6,3,133.205176
3.25,12,133.246284
4.6,3,133.273554
4.0,7,133.305248
4.6,3,133.334452
4.6,3,133.369733
2.95,14,133.416965
3.85,8,133.457716
-1.75,15,133.510135
4.45,4,133.544563
-1.75,15,133.595835
4.9,1,133.621925
3.85,8,133.663224
4.45,4,133.696092
4.75,2,133.725035
4.6,3,133.754932
4.45,4,133.917237
4.45,4,133.941925
4.6,3,133.967502
4.6,3,133.996547
4.0,7,134.028863
3.7,9,134.071037
3.85,8,134.112198
3.85,8,134.149577
4.9,1,134.174755
4.0,7,134.207241
4.3,5,134.242724
4.15,6,134.275724
4.0,7,134.306653
4.0,7,134.341087
4.3,5,134.38004
3.85,8,134.416634
4.45,4,134.446265
3.4,11,134.491983
4.3,5,134.523809
-1.75,15,134.565915
4.3,5,134.599664
4.45,4,134.629626
3.4,11,134.666119
4.75,2,134.69061
4.75,2,134.712924
-1.75,15,134.75458
4.3,5,134.78146
3.55,10,134.818521
4.6,3,134.846331
4.3,5,134.878661
4.15,6,134.914786
4.6,3,134.942769
4.0,7,134.976883
4.45,4,135.009396
4.6,3,135.040171
4.75,2,135.064983
3.55,10,135.103679
4.6,3,135.129617
4.15,6,135.159165
3.25,12,135.200866
3.7,9,135.241722
4.3,5,135.278827
4.6,3,135.466042
3.25,12,135.511781
3.7,9,135.554596
3.85,8,135.597015
4.75,2,135.622756
3.55,10,135.662289
4.0,7,135.704134
4.9,1,135.725471
4.3,5,135.756231
3.85,8,135.789109
4.75,2,135.812794
4.0,7,135.847006
4.45,4,135.874478
-3.5,11,135.911686
4.3,5,135.941975
4.45,4,135.972784
4.15,6,136.00819
4.15,6,136.03832
4.6,3,136.069569
4.3,5,136.09816
3.55,10,136.135874
-3.35,8,136.170394
4.3,5,136.199734
3.55,10,136.236285
3.85,8,136.271914
4.3,5,136.299544
4.3,5,136.332507
4.45,4,136.368273
-3.5,11,136.418261
4.15,6,136.456797
4.15,6,136.490339
4.75,2,136.521981
4.0,7,136.564281
4.6,3,136.592621
4.75,2,136.621562
3.55,10,136.661039
3.25,12,136.705274
4.75,2,136.735434
3.25,12,136.776121
4.3,5,136.812346
-1.75,15,136.998986
-3.45,10,137.040269
4.6,3,137.072545
3.25,12,137.113688
3.4,11,137.148254
3.55,10,137.184157
-3.5,11,137.224602
-1.75,15,137.272984
3.55,10,137.309021
4.6,3,137.337968
4.75,2,137.364795
3.7,9,137.410494
3.85,8,137.4479
4.6,3,137.477134
-1.75,15,137.520854
4.3,5,137.551239
4.6,3,137.585797
4.6,3,137.610343
3.85,8,137.642249
3.7,9,137.681403
4.45,4,137.712444
4.45,4,137.7437
4.3,5,137.774241
3.55,10,137.819759
3.85,8,137.855346
4.3,5,137.888118
4.15,6,137.922076
4.6,3,137.947285
4.15,6,137.984927
4.0,7,138.020482
4.15,6,138.054569
4.45,4,138.088387
3.55,10,138.12361
-3.7,15,138.169904
4.6,3,138.194915
4.15,6,138.398856
3.7,9,138.439947
4.75,2,138.467467
4.3,5,138.494667
-1.75,15,138.537152
4.45,4,138.565158
3.85,8,138.60415
3.85,8,138.644808
4.3,5,138.675809
4.75,2,138.704533
3.55,10,138.744949
-1.75,15,138.799402
-3.45,10,138.841267
4.45,4,138.870374
4.45,4,138.896982
4.6,3,138.927795
3.7,9,138.96898
4.9,1,138.994745
4.6,3,139.025564
4.75,2,139.053273
4.6,3,139.085448
3.1,13,139.13075
4.3,5,139.162159
4.9,1,139.1909
4.45,4,139.222444
4.6,3,139.251016
3.4,11,139.291191
4.0,7,139.322386
4.75,2,139.349393
-3.25,6,139.383828
4.3,5,139.417098
-3.5,11,139.456038
4.6,3,139.48398
4.45,4,139.517024
-1.75,15,139.575411
4.45,4,139.605811
4.0,7,139.640102
4.75,2,139.669862
4.6,3,139.698518
4.3,5,139.731147
4.6,3,139.757913
4.45,4,139.784997
3.7,9,139.824899
4.75,2,140.030586
4.6,3,140.061024
4.9,1,140.085951
4.45,4,140.114593
4.3,5,140.147474
4.45,4,140.174722
3.85,8,140.20798
4.6,3,140.230668
4.6,3,140.258886
4.45,4,140.287935
4.6,3,140.315861
4.75,2,140.343273
4.3,5,140.381344
3.25,12,140.431674
3.55,10,140.468473
4.3,5,140.496898
3.4,11,140.540342
3.55,10,140.575472
4.45,4,140.60615
-1.75,15,140.650475
4.45,4,140.679062
-1.75,15,140.725392
-1.75,15,140.768505
3.25,12,140.807758
3.85,8,140.844348
4.6,3,140.873737
3.7,9,140.911307
3.55,10,140.954458
3.85,8,140.989537
3.7,9,141.022579
3.25,12,141.066694
3.85,8,141.109045
4.45,4,141.153555
3.4,11,141.207915
4.45,4,141.242265
4.6,3,141.27483
3.85,8,141.312995
4.6,3,141.504886
4.3,5,141.53483
4.45,4,141.562179
4.3,5,141.592024
4.45,4,141.623802
4.15,6,141.655802
3.4,11,141.697203
-1.75,15,141.747717
4.45,4,141.776693
3.55,10,141.815801
4.15,6,141.844271
4.75,2,141.868601
4.0,7,141.898874
4.3,5,141.927793
4.6,3,141.955646
-3.65,14,141.999537
4.15,6,142.035687
4.15,6,142.07093
4.0,7,142.106073
3.85,8,142.142447
4.75,2,142.164462
4.3,5,142.199273
3.7,9,142.233365
-3.6,13,142.276731
-1.75,15,142.326199
4.3,5,142.356706
3.7,9,142.392633
4.75,2,142.419869
4.6,3,142.448544
4.3,5,142.481066
4.45,4,142.512264
4.15,6,142.543436
4.45,4,142.569749
4.75,2,142.59208
4.6,3,142.621526
3.55,10,142.660511
4.15,6,142.694278
4.75,2,142.720975
4.3,5,142.752278
4.6,3,142.780387
4.0,7,142.812408
3.7,9,143.000859
-3.15,4,143.034565
-3.55,12,143.07384
4.0,7,143.111893
4.75,2,143.138638
4.0,7,143.170292
4.6,3,143.195137
4.6,3,143.220225
3.85,8,143.254357
4.75,2,143.278888
4.45,4,143.311544
3.4,11,143.35067
4.15,6,143.381952
4.6,3,143.408136
4.6,3,143.430575
4.6,3,143.458369
-1.75,15,143.509664
4.6,3,143.539599
3.7,9,143.578785
3.55,10,143.61588
4.0,7,143.646683
4.3,5,143.676969
4.15,6,143.708193
3.85,8,143.743622
4.15,6,143.775283
3.4,11,143.814721
4.15,6,143.850447
3.7,9,143.895572
4.75,2,143.92269
3.85,8,143.966184
4.9,1,143.992838
4.9,1,144.017542
4.6,3,144.041153
4.3,5,144.073727
4.75,2,144.097612
4.6,3,144.124456
4.6,3,144.146356
4.3,5,144.176637
4.6,3,144.209251
4.3,5,144.248012
3.85,8,144.286139
4.15,6,144.315132
4.45,4,144.34662
4.3,5,144.378819
4.0,7,144.412996
3.25,12,144.622986
4.3,5,144.654657
4.45,4,144.681067
4.75,2,144.708113
4.0,7,144.737206
4.0,7,144.772845
4.45,4,144.80294
4.15,6,144.829253
3.55,10,144.865741
4.45,4,144.891067
3.4,11,144.926751
4.3,5,144.95835
4.15,6,144.992667
4.6,3,145.019707
3.55,10,145.059062
4.15,6,145.089332
3.85,8,145.122114
4.75,2,145.152741
4.6,3,145.175934
-1.75,15,145.226266
4.0,7,145.262317
-3.4,9,145.295017
4.6,3,145.319798
4.15,6,145.354181
4.75,2,145.381417
4.6,3,145.415726
4.3,5,145.450119
4.45,4,145.480721
4.15,6,145.512915
4.45,4,145.542407
4.75,2,145.576126
3.55,10,145.622045
4.3,5,145.652517
-1.75,15,145.695915
4.6,3,145.721846
3.85,8,145.755457
4.75,2,145.780999
3.85,8,145.819021
4.6,3,145.850262
4.45,4,145.883465
-3.35,8,145.923625
4.75,2,145.952348
3.85,8,145.993281
4.6,3,146.02036
3.7,9,146.218363
4.0,7,146.2521
3.85,8,146.284125
3.55,10,146.324122
3.55,10,146.357724
4.15,6,146.386871
4.45,4,146.415999
4.15,6,146.446118
4.0,7,146.478475
4.45,4,146.51126
4.0,7,146.542028
4.15,6,146.573062
4.75,2,146.593933
4.6,3,146.621197
3.85,8,146.658887
4.9,1,146.678332
4.45,4,146.707415
4.75,2,146.730886
4.45,4,146.756389
4.75,2,146.781336
4.75,2,146.805051
-3.45,10,146.841905
4.0,7,146.879339
4.75,2,146.905495
3.85,8,146.938983
-1.75,15,146.986979
4.0,7,147.022605
3.7,9,147.061188
4.9,1,147.084834
4.75,2,147.109069
4.3,5,147.13972
4.15,6,147.171448
-1.75,15,147.212028
-1.75,15,147.260312
4.6,3,147.287096
4.15,6,147.315638
4.45,4,147.34515
-3.25,6,147.387206
4.45,4,147.420378
3.7,9,147.456352
4.0,7,147.490767
4.75,2,147.51491
4.0,7,147.725471
4.3,5,147.762685
4.45,4,147.797947
4.0,7,147.828403
4.9,1,147.862065
3.85,8,147.914877
4.45,4,147.954602
3.85,8,148.002535
4.15,6,148.044851
3.1,13,148.086887
4.45,4,148.11196
4.75,2,148.138806
4.3,5,148.17134
-3.5,11,148.214863
3.7,9,148.256125
3.85,8,148.293516
3.85,8,148.327861
4.45,4,148.353338
4.6,3,148.38412
4.3,5,148.414728
4.9,1,148.440141
4.0,7,148.470422
4.6,3,148.500038
3.85,8,148.538383
4.3,5,148.566212
3.7,9,148.60415
4.45,4,148.629965
4.6,3,148.657173
3.7,9,148.695169
4.0,7,148.729927
3.7,9,148.771836
4.6,3,148.800851
4.6,3,148.825315
3.25,12,148.87237
4.6,3,148.904982
4.3,5,148.94136
3.85,8,148.986147
4.6,3,149.017745
4.0,7,149.053831
4.6,3,149.078172
4.75,2,149.105077
4.3,5,149.140983
4.3,5,149.174369
3.25,12,149.218407
4.3,5,149.403649
3.4,11,149.443461
4.6,3,149.471213
3.4,11,149.51403
4.15,6,149.542813
4.6,3,149.569436
-1.75,15,149.615379
4.45,4,149.643128
4.15,6,149.671857
4.45,4,149.696651
3.25,12,149.73496
4.9,1,149.759496
-1.75,15,149.801131
3.7,9,149.838005
4.45,4,149.862178
4.3,5,149.891217
4.45,4,149.915868
4.45,4,149.942537
4.15,6,149.974011
3.85,8,150.010987
3.7,9,150.050212
2.95,14,150.092776
4.3,5,150.128284
-3.45,10,150.162932
4.0,7,150.194622
3.85,8,150.233709
4.6,3,150.257557
4.9,1,150.27872
3.85,8,150.313592
4.0,7,150.344199
4.45,4,150.373069
3.85,8,150.406094
4.0,7,150.435481
3.25,12,150.474898
3.7,9,150.512896
4.6,3,150.542533
4.45,4,150.577228
4.45,4,150.610492
4.45,4,150.820024
4.0,7,150.851543
4.3,5,150.882231
4.0,7,150.915691
4.9,1,150.939702
-1.75,15,150.981031
4.9,1,151.005236
4.45,4,151.032092
3.85,8,151.067866
4.0,7,151.102386
4.3,5,151.133065
4.0,7,151.165063
4.45,4,151.195577
4.6,3,151.222241
4.3,5,151.250413
4.45,4,151.278455
3.85,8,151.310416
4.75,2,151.335685
4.45,4,151.365709
4.45,4,151.393016
4.45,4,151.42029
4.0,7,151.452089
-1.75,15,151.496812
4.0,7,151.531444
4.0,7,151.566422
4.0,7,151.605346
3.85,8,151.640066
3.55,10,151.67857
3.25,12,151.716334
4.15,6,151.744876
-1.75,15,151.786859
4.6,3,151.813941
-1.75,15,151.859681
4.3,5,151.888311
4.6,3,151.914358
4.6,3,151.942197
3.7,9,151.981004
4.0,7,152.015177
4.45,4,152.047436
4.45,4,152.082321
3.7,9,152.313611
4.15,6,152.349314
3.7,9,152.391864
4.3,5,152.422596
4.75,2,152.450003
4.75,2,152.47528
4.45,4,152.505707
4.6,3,152.532245
4.45,4,152.563072
4.15,6,152.596771
-3.35,8,152.636232
4.45,4,152.664609
3.85,8,152.695038
3.85,8,152.726693
3.4,11,152.762127
4.3,5,152.790425
4.3,5,152.820022
4.6,3,152.851767
-1.75,15,152.897616
4.75,2,152.927617
3.4,11,152.969012
4.45,4,152.994953
4.45,4,153.023556
-3.35,8,153.060497
4.45,4,153.090191
4.15,6,153.120737
4.3,5,153.155207
3.55,10,153.19768
4.15,6,153.230725
4.45,4,153.258142
3.85,8,153.290192
4.15,6,153.327537
4.6,3,153.353147
4.75,2,153.381501
4.6,3,153.410808
4.15,6,153.447678
-3.4,9,153.48072
3.7,9,153.517812
4.75,2,153.542557
4.15,6,153.57423
4.3,5,153.601595
4.6,3,153.637607
4.15,6,153.671699
4.0,7,153.707637
3.25,12,153.904653
4.3,5,153.93873
3.85,8,153.973254
4.15,6,154.009876
-1.75,15,154.06098
4.45,4,154.091509
4.45,4,154.120195
4.45,4,154.149687
4.0,7,154.186013
3.25,12,154.223633
4.3,5,154.252489
3.85,8,154.282417
4.0,7,154.312812
4.6,3,154.34095
4.9,1,154.365166
4.45,4,154.391223
3.85,8,154.422964
4.45,4,154.449499
4.75,2,154.477105
4.3,5,154.50959
4.6,3,154.537042
-1.75,15,154.586418
3.85,8,154.61925
4.6,3,154.646543
4.6,3,154.6736
4.45,4,154.699025
4.6,3,154.726935
3.55,10,154.76237
4.45,4,154.789834
4.0,7,154.820849
4.3,5,154.848917
4.6,3,154.87779
4.15,6,154.905848
4.6,3,154.930467
4.15,6,154.965138
-3.35,8,155.009557
4.6,3,155.039233
4.0,7,155.078655
4.45,4,155.111032
4.3,5,155.142503
4.15,6,155.175998
4.6,3,155.205975
4.75,2,155.234521
4.45,4,155.26993
4.9,1,155.296233
4.3,5,155.332403
4.3,5,155.544445
3.4,11,155.597704
4.15,6,155.637672
3.4,11,155.683059
4.15,6,155.716854
4.15,6,155.748447
3.7,9,155.784234
4.6,3,155.81178
4.6,3,155.846427
4.45,4,155.876334
3.85,8,155.915091
4.6,3,155.939758
3.85,8,155.977188
4.75,2,156.003013
3.4,11,156.043707
4.15,6,156.073568
3.85,8,156.108201
3.55,10,156.14493
4.75,2,156.173615
4.45,4,156.201874
4.15,6,156.236257
3.85,8,156.268288
4.3,5,156.298139
3.7,9,156.332334
4.15,6,156.359903
4.3,5,156.390795
4.6,3,156.417473
4.9,1,156.442832
4.6,3,156.471029
4.15,6,156.500048
4.15,6,156.527992
-1.75,15,156.574513
4.0,7,156.608135
4.45,4,156.644782
4.15,6,156.678718
4.75,2,156.70908
4.6,3,156.742586
3.55,10,156.784617
4.6,3,156.812628
4.6,3,156.838907
3.85,8,156.873428
3.25,12,156.917532
-1.75,15,157.126296
4.45,4,157.155519
4.3,5,157.187773
4.75,2,157.218472
4.3,5,157.256453
4.3,5,157.28765
4.75,2,157.311723
4.6,3,157.339287
3.85,8,157.369866
-1.75,15,157.412651
3.4,11,157.450823
4.75,2,157.474806
4.45,4,157.503649
4.3,5,157.533648
3.85,8,157.574224
3.4,11,157.613923
4.15,6,157.645784
4.6,3,157.673123
4.15,6,157.708883
4.75,2,157.734226
4.15,6,157.764706
4.75,2,157.787451
3.25,12,157.827397
-1.75,15,157.872833
4.6,3,157.90103
-1.75,15,157.947149
4.15,6,157.979728
-1.75,15,158.022274
3.85,8,158.053847
4.3,5,158.082533
4.75,2,158.112241
3.4,11,158.150335
4.45,4,158.177615
4.3,5,158.206177
4.15,6,158.237607
4.6,3,158.265648
4.45,4,158.291253
4.3,5,158.324737
4.6,3,158.351802
4.6,3,158.379377
3.25,12,158.578845
-1.75,15,158.62535
4.9,1,158.654393
4.3,5,158.686704
4.6,3,158.715145
4.0,7,158.75347
4.45,4,158.789073
4.3,5,158.822453
4.6,3,158.855135
3.25,12,158.895029
3.55,10,158.938112
4.75,2,158.964607
4.45,4,158.994759
4.45,4,159.027196
4.75,2,159.053672
3.85,8,159.091832
-1.75,15,159.137558
4.75,2,159.16035
4.45,4,159.187716
4.0,7,159.218525
4.75,2,159.244114
3.4,11,159.285714
4.3,5,159.314619
4.45,4,159.342651
4.3,5,159.375436
4.15,6,159.403064
4.45,4,159.436196
-1.75,15,159.476865
3.4,11,159.512684
3.7,9,159.546536
3.85,8,159.579813
4.6,3,159.60665
3.85,8,159.64122
4.45,4,159.670207
4.3,5,159.700805
4.6,3,159.727065
4.45,4,159.754775
4.0,7,159.787919
3.7,9,159.823019
-1.75,15,160.038595
3.7,9,160.076389
4.0,7,160.113568
4.3,5,160.146545
3.25,12,160.190603
4.45,4,160.220096
-1.75,15,160.269648
4.3,5,160.300627
4.0,7,160.336887
4.6,3,160.364231
4.45,4,160.395594
3.85,8,160.434435
4.3,5,160.468806
4.75,2,160.491342
4.3,5,160.519689
4.6,3,160.541445
4.3,5,160.571533
4.75,2,160.599617
-1.75,15,160.646837
4.75,2,160.680234
4.0,7,160.717013
3.85,8,160.752503
3.7,9,160.788704
4.3,5,160.81856
3.4,11,160.860403
3.4,11,160.903655
3.1,13,160.941156
4.3,5,160.969719
4.9,1,160.991548
3.4,11,161.036096
4.3,5,161.066031
4.6,3,161.093192
4.45,4,161.123887
4.3,5,161.157748
4.45,4,161.187526
3.85,8,161.221222
-1.75,15,161.269902
4.6,3,161.303915
3.4,11,161.503009
4.45,4,161.533129
4.75,2,161.556391
4.3,5,161.593057
4.15,6,161.626463
4.15,6,161.658294
4.0,7,161.69212
3.4,11,161.735739
4.75,2,161.761659
4.15,6,161.798208
4.15,6,161.834232
4.75,2,161.857922
3.25,12,161.897646
-1.75,15,161.948245
4.3,5,161.978145
4.6,3,162.004373
3.4,11,162.041622
4.3,5,162.074141
3.25,12,162.12102
-3.4,9,162.157463
4.45,4,162.188312
4.45,4,162.218536
4.0,7,162.249834
3.55,10,162.288482
4.0,7,162.323907
3.25,12,162.378335
3.7,9,162.42419
4.6,3,162.461287
3.4,11,162.499859
-1.75,15,162.540968
4.9,1,162.565687
4.3,5,162.592444
4.9,1,162.621561
4.3,5,162.651084
3.55,10,162.688259
4.75,2,162.720894
4.6,3,162.747742
4.45,4,162.779815
-1.75,15,162.963396
4.75,2,162.989059
4.45,4,163.016764
4.45,4,163.042796
4.45,4,163.071296
4.9,1,163.098536
4.45,4,163.128704
4.75,2,163.15666
4.75,2,163.181523
4.3,5,163.219608
4.0,7,163.256191
4.15,6,163.290203
3.85,8,163.326166
3.4,11,163.37062
4.6,3,163.395356
4.6,3,163.424448
-1.75,15,163.470257
4.75,2,163.497859
-1.75,15,163.547736
4.45,4,163.576943
3.85,8,163.608906
4.3,5,163.640898
4.75,2,163.665117
3.7,9,163.704869
4.45,4,163.739124
3.7,9,163.777244
4.75,2,163.801013
4.45,4,163.828068
4.75,2,163.853651
4.75,2,163.879981
4.75,2,163.905344
4.3,5,163.940461
4.75,2,163.966166
-1.75,15,164.014734
3.7,9,164.06002
-1.75,15,164.105414
4.3,5,164.132776
4.3,5,164.162363
4.45,4,164.190114
4.9,1,164.215623
-1.75,15,164.264768
3.7,9,164.300407
4.0,7,164.336707
4.6,3,164.363592
4.45,4,164.534973
4.15,6,164.564321
3.85,8,164.601389
3.55,10,164.637378
-1.75,15,164.681214
4.15,6,164.721301
4.0,7,164.758205
4.0,7,164.799169
4.15,6,164.831176
-1.75,15,164.880826
4.45,4,164.909723
4.6,3,164.937537
4.45,4,164.969165
4.45,4,164.998963
4.0,7,165.039056
4.15,6,165.083324
4.75,2,165.114585
4.75,2,165.147382
4.75,2,165.174917
3.7,9,165.218744
4.3,5,165.249406
-1.75,15,165.291507
4.6,3,165.318712
4.6,3,165.347219
3.55,10,165.386025
4.3,5,165.418504
4.45,4,165.449
4.45,4,165.485135
3.4,11,165.531463
4.0,7,165.570376
3.85,8,165.613297
4.75,2,165.642366
4.45,4,165.670115
4.75,2,165.694065
-1.75,15,165.747972
4.6,3,165.775259
3.85,8,165.808383
4.15,6,165.839595
4.15,6,165.868819
4.6,3,165.898777
4.3,5,165.931591
-1.75,15,166.118282
4.6,3,166.148358
4.45,4,166.176584
4.15,6,166.210162
4.6,3,166.24444
4.15,6,166.286927
4.3,5,166.32354
4.45,4,166.355386
4.15,6,166.387884
4.3,5,166.416693
-3.7,15,166.462821
4.75,2,166.48883
4.6,3,166.518754
4.75,2,166.548846
3.7,9,166.583903
4.6,3,166.611672
4.3,5,166.644928
3.4,11,166.685308
4.0,7,166.718589
-1.75,15,166.766429
4.45,4,166.796926
4.75,2,166.821991
3.85,8,166.856737
4.3,5,166.885837
4.75,2,166.908356
4.3,5,166.939806
4.15,6,166.971987
4.75,2,166.992903
4.15,6,167.023026
4.15,6,167.055384
4.0,7,167.101351
3.55,10,167.14307
4.3,5,167.173743
4.6,3,167.20464
4.45,4,167.234288
4.3,5,167.269555
4.75,2,167.293689
4.75,2,167.317776
4.0,7,167.348128
4.9,1,167.37249
4.0,7,167.404912
4.6,3,167.436836
4.75,2,167.457397
4.15,6,167.48513
4.45,4,167.510241
-1.75,15,167.555814
-1.75,15,167.754909
4.15,6,167.785928
3.4,11,167.822057
4.15,6,167.854166
4.45,4,167.883051
4.15,6,167.916099
4.6,3,167.94402
3.7,9,167.986376
4.3,5,168.022441
4.75,2,168.046709
3.7,9,168.085716
4.15,6,168.122368
4.6,3,168.155998
4.75,2,168.187682
4.3,5,168.22593
4.45,4,168.258621
-3.45,10,168.302356
4.6,3,168.332037
3.85,8,168.373306
4.15,6,168.411053
4.45,4,168.447144
4.3,5,168.483773
4.6,3,168.510338
4.75,2,168.535234
3.85,8,168.569004
3.55,10,168.606836
4.75,2,168.632743
3.55,10,168.667927
4.45,4,168.698938
3.85,8,168.736618
3.85,8,168.778178
4.0,7,168.818574
4.0,7,168.853186
4.75,2,168.881243
4.15,6,168.915937
4.9,1,168.94209
4.3,5,168.977288
-1.75,15,169.024214
4.0,7,169.057304
-1.75,15,169.109901
4.0,7,169.289352
4.6,3,169.317786
4.6,3,169.35388
-1.75,15,169.417524
4.9,1,169.443588
4.0,7,169.485275
4.45,4,169.519567
4.45,4,169.556394
4.6,3,169.588697
4.45,4,169.621447
4.75,2,169.651992
4.75,2,169.679608
4.6,3,169.707849
4.75,2,169.734458
3.25,12,169.774337
4.45,4,169.803418
4.6,3,169.832474
4.15,6,169.861759
4.15,6,169.890751
4.6,3,169.919243
3.7,9,169.952539
4.3,5,169.979718
4.3,5,170.007679
3.85,8,170.041965
3.7,9,170.075182
4.3,5,170.103897
-3.0,1,170.132857
4.15,6,170.165076
3.85,8,170.200843
4.75,2,170.223814
4.6,3,170.250919
4.6,3,170.275162
4.6,3,170.301701
-1.75,15,170.351676
4.3,5,170.385803
-3.15,4,170.417028
4.75,2,170.443196
-3.65,14,170.488075
4.9,1,170.511396
4.15,6,170.540381
-3.45,10,170.577275
4.15,6,170.604662
4.0,7,170.637419
4.45,4,170.669477
-3.4,9,170.706829
4.45,4,170.73193
4.45,4,170.75801
4.0,7,170.788704
4.3,5,170.970149
4.9,1,170.996414
4.45,4,171.024356
4.3,5,171.055981
4.45,4,171.086499
4.6,3,171.113216
3.85,8,171.148933
3.25,12,171.191805
4.6,3,171.222096
4.0,7,171.259915
4.75,2,171.288215
3.85,8,171.3264
-3.55,12,171.376929
4.75,2,171.404443
4.15,6,171.443429
4.3,5,171.483881
4.15,6,171.519323
-3.45,10,171.560436
4.75,2,171.584553
4.45,4,171.621851
4.3,5,171.6617
4.75,2,171.693287
3.85,8,171.72649
4.15,6,171.759841
3.85,8,171.793326
4.45,4,171.8213
4.0,7,171.857228
4.0,7,171.894133
4.3,5,171.926696
4.3,5,171.956828
3.4,11,172.002416
4.15,6,172.031605
4.6,3,172.058947
3.4,11,172.100452
3.85,8,172.134132
3.55,10,172.174698
3.7,9,172.209005
4.0,7,172.245987
-1.75,15,172.293694
3.7,9,172.331246
4.3,5,172.521878
4.0,7,172.557091
4.45,4,172.590943
4.0,7,172.627428
4.75,2,172.658666
4.6,3,172.688612
4.45,4,172.723649
-3.4,9,172.762784
4.6,3,172.790738
-3.3,7,172.825505
4.0,7,172.861934
4.75,2,172.887274
4.45,4,172.922288
4.75,2,172.94576
4.15,6,172.982985
4.45,4,173.012765
4.75,2,173.03896
4.3,5,173.068002
4.15,6,173.095678
4.0,7,173.129218
3.25,12,173.175885
4.3,5,173.207148
3.55,10,173.247116
4.3,5,173.28128
4.45,4,173.312761
3.4,11,173.351844
4.6,3,173.37945
4.3,5,173.41053
4.45,4,173.441601
3.4,11,173.485891
3.85,8,173.519021
4.15,6,173.553302
4.3,5,173.585072
4.6,3,173.618411
3.25,12,173.658943
4.15,6,173.692264
-3.65,14,173.735236
4.75,2,173.758971
3.85,8,173.795509
4.6,3,173.819068
3.55,10,173.853616
4.75,2,173.875345
3.4,11,173.910026
4.6,3,174.078504
-3.4,9,174.121226
3.7,9,174.160902
4.6,3,174.193672
4.75,2,174.223116
3.7,9,174.269426
4.3,5,174.301779
4.75,2,174.32614
4.0,7,174.359098
-3.4,9,174.39875
4.9,1,174.422312
3.7,9,174.470839
4.15,6,174.503888
4.6,3,174.5305
3.1,13,174.574884
4.6,3,174.602645
4.3,5,174.630954
4.3,5,174.659452
4.3,5,174.688533
4.3,5,174.719913
4.9,1,174.742442
4.0,7,174.779341
4.9,1,174.802664
-3.3,7,174.83603
4.6,3,174.862069
4.0,7,174.890478
4.6,3,174.917022
4.3,5,174.9456
3.4,11,174.982514
3.55,10,175.023249
-3.05,2,175.046014
4.3,5,175.074669
4.3,5,175.103332
-3.55,12,175.147217
4.0,7,175.182718
4.45,4,175.212266
-3.45,10,175.247946
4.0,7,175.280453
-1.75,15,175.32062
4.15,6,175.350759
4.75,2,175.372761
3.4,11,175.419436
4.75,2,175.444791
4.75,2,175.471981
4.9,1,175.666722
4.45,4,175.703012
4.15,6,175.742665
4.75,2,175.769008
4.75,2,175.795875
3.85,8,175.835337
4.6,3,175.866322
4.45,4,175.894709
3.4,11,175.938089
4.75,2,175.96614
4.15,6,175.996334
4.3,5,176.027803
4.6,3,176.056097
4.3,5,176.088195
4.9,1,176.11046
4.6,3,176.139832
4.45,4,176.170999
4.45,4,176.196708
4.3,5,176.222759
4.6,3,176.249809
3.55,10,176.283004
4.3,5,176.30857
4.3,5,176.337316
-1.75,15,176.377474
4.3,5,176.408076
3.7,9,176.44174
4.9,1,176.467399
4.45,4,176.498647
4.9,1,176.523297
3.25,12,176.568476
4.45,4,176.59815
4.3,5,176.627935
3.7,9,176.663826
4.0,7,176.69951
4.75,2,176.72688
4.3,5,176.756199
3.85,8,176.787715
-1.75,15,176.829369
4.45,4,176.858145
4.15,6,176.890307
4.3,5,176.919813
4.0,7,176.957518
3.55,10,177.001865
4.6,3,177.03205
3.85,8,177.069034
4.0,7,177.103931
-1.75,15,177.315457
4.3,5,177.350001
-1.75,15,177.39946
4.6,3,177.428099
-1.75,15,177.47989
4.45,4,177.513489
4.3,5,177.542029
4.3,5,177.57514
3.1,13,177.617823
4.3,5,177.647569
4.45,4,177.676887
4.75,2,177.70296
-3.25,6,177.734499
4.45,4,177.763269
4.75,2,177.784276
4.15,6,177.81822
-1.75,15,177.867798
-3.45,10,177.906944
4.45,4,177.935342
3.7,9,177.969663
4.45,4,178.001531
4.45,4,178.030702
4.45,4,178.053999
4.45,4,178.08506
3.7,9,178.11986
4.15,6,178.150097
4.3,5,178.178343
4.6,3,178.205403
4.75,2,178.228779
4.45,4,178.25623
4.0,7,178.28616
3.7,9,178.319473
4.45,4,178.348156
3.85,8,178.38134
4.6,3,178.405057
4.45,4,178.431904
4.6,3,178.454935
4.0,7,178.486783
4.3,5,178.51909
3.7,9,178.556076
-3.7,15,178.7525
4.75,2,178.780983
4.3,5,178.821679
3.7,9,178.865747
3.4,11,178.91798
4.75,2,178.951943
4.3,5,178.985359
4.0,7,179.023968
4.3,5,179.061078
4.6,3,179.090859
4.3,5,179.121673
4.3,5,179.154342
4.6,3,179.181004
3.7,9,179.219219
4.15,6,179.255513
4.15,6,179.287344
4.45,4,179.312805
3.7,9,179.348948
3.85,8,179.383902
4.15,6,179.415214
4.3,5,179.44595
4.6,3,179.472916
4.0,7,179.508037
4.9,1,179.537035
4.45,4,179.567935
4.45,4,179.59513
4.3,5,179.623912
4.75,2,179.649639
4.3,5,179.678788
4.0,7,179.711485
4.9,1,179.736355
4.3,5,179.770684
4.75,2,179.794528
4.3,5,179.823603
4.75,2,179.848136
4.6,3,179.875402
3.7,9,179.910993
3.4,11,179.950151
4.0,7,179.981516
4.6,3,180.014947
4.3,5,180.047678
4.15,6,180.080519
4.3,5,180.106925
4.3,5,180.13582
4.75,2,180.162951
4.3,5,180.200767
4.75,2,180.228443
4.6,3,180.255647
4.3,5,180.288519
4.15,6,180.320857
4.75,2,180.349565
-1.75,15,180.551849
4.6,3,180.585169
4.45,4,180.614149
-1.75,15,180.658581
4.6,3,180.68889
4.3,5,180.721432
4.3,5,180.750308
4.9,1,180.777791
4.6,3,180.806722
-3.7,15,180.85301
4.75,2,180.876375
4.75,2,180.902201
4.75,2,180.933849
4.3,5,180.968814
4.6,3,181.002225
4.75,2,181.033469
4.75,2,181.056286
4.15,6,181.089537
3.55,10,181.126968
4.45,4,181.158467
-3.55,12,181.200747
4.75,2,181.227056
4.45,4,181.259175
4.75,2,181.287697
3.7,9,181.330641
4.3,5,181.36048
4.15,6,181.391641
4.45,4,181.422827
3.85,8,181.454128
4.45,4,181.482293
4.15,6,181.517047
4.15,6,181.550847
4.15,6,181.585156
3.7,9,181.623155
4.3,5,181.653541
4.3,5,181.68519
4.45,4,181.713191
-3.35,8,181.745743
3.85,8,181.783775
4.75,2,181.806
4.75,2,181.828949
4.0,7,181.860608
4.3,5,181.89163
4.75,2,181.925981
-1.75,15,181.973509
4.45,4,182.009577
4.3,5,182.224492
3.85,8,182.267298
3.25,12,182.310129
4.6,3,182.338917
4.45,4,182.367716
4.15,6,182.403519
4.45,4,182.442217
4.0,7,182.479091
4.0,7,182.512769
4.75,2,182.536104
4.3,5,182.566201
4.3,5,182.590949
3.85,8,182.62536
3.85,8,182.660714
3.7,9,182.697274
4.75,2,182.723863
4.15,6,182.754452
3.85,8,182.784334
4.3,5,182.811094
4.9,1,182.834539
3.85,8,182.864884
4.45,4,182.894269
3.55,10,182.931899
-3.65,14,182.971239
4.0,7,183.005094
4.6,3,183.035127
4.15,6,183.065449
4.45,4,183.093412
4.0,7,183.126564
3.85,8,183.164092
3.55,10,183.198322
3.4,11,183.239776
4.3,5,183.27024
4.6,3,183.297227
-3.5,11,183.33278
4.6,3,183.357046
4.3,5,183.384646
4.6,3,183.411715
4.45,4,183.437839
4.3,5,183.469321
4.3,5,183.49752
4.6,3,183.522162
4.75,2,183.551441
4.9,1,183.759671
-3.35,8,183.794371
4.3,5,183.827241
4.45,4,183.857651
3.85,8,183.892477
-1.75,15,183.938034
4.6,3,183.967547
4.3,5,183.997509
4.3,5,184.030224
3.55,10,184.067992
4.6,3,184.092455
4.6,3,184.120873
4.45,4,184.154854
4.3,5,184.191746
4.45,4,184.225936
4.6,3,184.253561
4.6,3,184.277894
4.3,5,184.309291
4.3,5,184.340157
4.15,6,184.376916
4.75,2,184.405249
-3.65,14,184.450299
-3.7,15,184.490466
-3.7,15,184.537159
3.7,9,184.571265
4.45,4,184.600117
4.45,4,184.632895
3.7,9,184.665683
-3.35,8,184.705642
4.45,4,184.73761
4.3,5,184.767897
4.45,4,184.791975
4.6,3,184.815676
4.6,3,184.839828
4.75,2,184.865034
4.6,3,184.89178
4.9,1,184.914453
4.6,3,184.944131
3.85,8,184.985407
4.75,2,185.009728
4.9,1,185.039646
4.45,4,185.072521
4.75,2,185.099278
-3.55,12,185.136996
3.85,8,185.172593
4.0,7,185.375942
-3.5,11,185.418952
4.0,7,185.452921
4.45,4,185.482715
4.0,7,185.520333
-3.4,9,185.558165
4.6,3,185.588564
-3.3,7,185.626997
4.6,3,185.654887
4.45,4,185.69016
4.15,6,185.728588
4.45,4,185.763529
4.6,3,185.793662
4.0,7,185.824075
-3.2,5,185.853327
4.6,3,185.880019
4.75,2,185.900925
4.6,3,185.9307
-1.75,15,185.983618
4.75,2,186.010973
3.7,9,186.049694
4.3,5,186.084199
4.6,3,186.11029
4.45,4,186.143718
4.75,2,186.165805
4.75,2,186.190114
-3.7,15,186.232693
-3.5,11,186.270487
4.3,5,186.301818
4.75,2,186.325112
4.3,5,186.354951
-3.25,6,186.386382
4.6,3,186.418921
4.9,1,186.443069
-3.7,15,186.485856
3.4,11,186.529675
3.85,8,186.560179
4.45,4,186.587632
4.6,3,186.617307
3.4,11,186.661022
4.15,6,186.690717
3.85,8,186.727751
4.45,4,186.755794
4.15,6,186.79072
4.75,2,186.968644
4.6,3,186.998319
4.3,5,187.02882
4.75,2,187.053602
3.85,8,187.08957
4.15,6,187.12429
3.4,11,187.16218
4.75,2,187.186404
4.3,5,187.215003
4.75,2,187.244299
4.75,2,187.268471
4.45,4,187.299768
4.75,2,187.321335
3.55,10,187.357208
4.0,7,187.390827
4.6,3,187.421111
4.0,7,187.453716
3.85,8,187.485055
4.9,1,187.509042
3.7,9,187.545224
4.6,3,187.571454
4.6,3,187.60114
-1.75,15,187.648411
4.45,4,187.679305
4.75,2,187.703178
4.6,3,187.731651
4.6,3,187.756163
4.75,2,187.781177
3.85,8,187.811285
3.4,11,187.847856
4.0,7,187.875608
4.6,3,187.902126
4.45,4,187.930579
4.15,6,187.964322
4.75,2,187.988237
-3.4,9,188.027245
4.45,4,188.058152
4.45,4,188.087148
4.0,7,188.119225
4.45,4,188.146449
-1.75,15,188.192718
4.9,1,188.21601
4.6,3,188.250456
3.55,10,188.290634
4.3,5,188.327762
4.9,1,188.355514
-3.45,10,188.399776
4.0,7,188.438613
4.75,2,188.468616
4.6,3,188.677562
3.4,11,188.719315
4.6,3,188.746094
4.15,6,188.776934
4.15,6,188.806845
3.55,10,188.846863
4.6,3,188.875865
4.3,5,188.902829
4.45,4,188.937907
4.75,2,188.964367
3.25,12,189.007258
3.4,11,189.049943
3.85,8,189.092402
4.75,2,189.118234
4.15,6,189.158451
4.75,2,189.187448
4.0,7,189.223711
4.3,5,189.25934
4.45,4,189.288431
3.55,10,189.325912
4.15,6,189.353395
3.7,9,189.394458
3.7,9,189.430041
4.45,4,189.456535
3.25,12,189.498146
4.0,7,189.529094
3.55,10,189.563222
4.9,1,189.586346
4.75,2,189.610626
4.45,4,189.63603
4.0,7,189.669094
4.45,4,189.696676
4.45,4,189.721763
4.6,3,189.755035
4.6,3,189.781884
-3.4,9,189.815808
4.75,2,189.841059
4.6,3,189.868942
4.6,3,189.894709
4.3,5,189.924869
4.6,3,189.952601
3.7,9,189.992045
4.75,2,190.017202
-1.75,15,190.061371
4.15,6,190.27008
4.75,2,190.294534
4.0,7,190.328701
4.0,7,190.362262
4.0,7,190.395608
3.55,10,190.432429
3.55,10,190.466124
4.75,2,190.491509
4.6,3,190.517016
4.45,4,190.541261
4.3,5,190.572629
-3.3,7,190.607832
-3.35,8,190.642655
4.15,6,190.67553
4.6,3,190.702527
4.75,2,190.73002
4.3,5,190.76357
4.75,2,190.787462
3.85,8,190.8238
4.75,2,190.849729
4.6,3,190.878227
3.85,8,190.913841
4.9,1,190.93672
4.6,3,190.961718
4.3,5,190.99014
-1.75,15,191.04447
4.3,5,191.07158
4.75,2,191.095682
4.45,4,191.123726
-1.75,15,191.171738
4.75,2,191.199206
4.0,7,191.233475
4.0,7,191.273046
-3.3,7,191.307696
4.3,5,191.342955
4.45,4,191.370299
4.45,4,191.401054
3.55,10,191.438235
4.45,4,191.474931
4.6,3,191.510599
4.15,6,191.542904
4.9,1,191.56538
-3.45,10,191.599386
4.0,7,191.639352
4.15,6,191.672792
4.3,5,191.703017
3.7,9,191.881592
3.25,12,191.919704
4.15,6,191.951945
4.15,6,191.981699
4.0,7,192.015141
4.45,4,192.040961
4.75,2,192.067927
4.3,5,192.097745
4.3,5,192.131988
4.45,4,192.166124
4.75,2,192.197119
4.45,4,192.232716
3.55,10,192.27103
-3.35,8,192.314189
4.3,5,192.349852
4.0,7,192.390474
3.55,10,192.436008
3.85,8,192.476028
4.9,1,192.501099
4.75,2,192.524339
-1.75,15,192.568095
3.4,11,192.605842
4.45,4,192.638822
3.7,9,192.681798
4.15,6,192.717385
3.7,9,192.756888
-3.35,8,192.788674
4.9,1,192.811401
4.3,5,192.850523
4.3,5,192.887828
3.55,10,192.92696
4.15,6,192.956167
4.75,2,192.98416
3.55,10,193.031843
3.4,11,193.079977
-3.45,10,193.126372
4.6,3,193.16225
4.15,6,193.193153
4.3,5,193.222275
4.3,5,193.42
4.6,3,193.44593
3.85,8,193.480847
3.25,12,193.521565
4.45,4,193.552548
4.0,7,193.582366
4.75,2,193.606259
4.15,6,193.635094
4.45,4,193.664362
4.6,3,193.695133
4.15,6,193.725136
3.85,8,193.760741
-1.75,15,193.80303
-1.75,15,193.842547
4.15,6,193.874522
3.7,9,193.907874
4.3,5,193.933596
4.6,3,193.960612
4.6,3,193.993199
4.6,3,194.018091
-1.75,15,194.06066
4.3,5,194.091717
3.4,11,194.130373
4.75,2,194.153568
4.45,4,194.187974
4.45,4,194.213761
4.15,6,194.240405
4.75,2,194.265808
4.6,3,194.291244
4.45,4,194.324947
4.15,6,194.356949
4.45,4,194.388713
4.75,2,194.416852
4.6,3,194.450454
4.45,4,194.48379
4.15,6,194.529515
4.45,4,194.560169
4.15,6,194.590412
3.7,9,194.630433
4.3,5,194.658503
4.6,3,194.685247
3.85,8,194.723677
4.75,2,194.745994
4.75,2,194.770914
3.55,10,194.811331
4.45,4,194.99114
4.45,4,195.018941
4.3,5,195.049168
-1.75,15,195.088551
4.15,6,195.120069
4.75,2,195.144584
3.85,8,195.174972
3.7,9,195.211421
-3.25,6,195.244599
4.3,5,195.271014
4.0,7,195.306797
4.45,4,195.337955
4.6,3,195.370247
4.45,4,195.40483
3.7,9,195.450094
-1.75,15,195.508483
-3.4,9,195.55144
3.85,8,195.595529
3.7,9,195.634612
4.0,7,195.677058
4.75,2,195.705235
4.45,4,195.736995
4.75,2,195.763693
3.55,10,195.80202
3.25,12,195.842179
3.4,11,195.877019
4.6,3,195.904964
4.45,4,195.933434
4.75,2,195.956867
4.45,4,195.983468
4.75,2,196.00671
3.7,9,196.048625
4.0,7,196.083949
3.85,8,196.124326
4.6,3,196.157248
4.3,5,196.197273
4.3,5,196.230977
4.15,6,196.261235
3.7,9,196.299175
4.3,5,196.332093
4.75,2,196.36388
3.7,9,196.560271
3.55,10,196.599146
4.45,4,196.628242
4.3,5,196.655877
-3.7,15,196.697281
4.0,7,196.728851
4.45,4,196.754897
4.75,2,196.779513
4.45,4,196.811065
4.75,2,196.833583
4.6,3,196.85921
4.0,7,196.892161
4.6,3,196.918276
4.45,4,196.944551
4.45,4,196.972424
4.6,3,197.004026
4.6,3,197.028926
3.25,12,197.067305
3.7,9,197.098936
4.6,3,197.124232
4.3,5,197.153661
4.3,5,197.183748
4.3,5,197.210225
4.3,5,197.239805
4.3,5,197.271146
3.55,10,197.30695
-1.75,15,197.354885
4.75,2,197.383723
4.45,4,197.410662
3.55,10,197.446458
4.0,7,197.478749
4.75,2,197.502075
3.85,8,197.538856
4.45,4,197.575833
4.45,4,197.610517
3.55,10,197.64727
4.45,4,197.676451
3.7,9,197.711894
-1.75,15,197.762252
3.85,8,197.7967
4.75,2,197.822539
3.55,10,198.026239
4.3,5,198.06093
4.15,6,198.097371
4.3,5,198.123145
4.15,6,198.1561
3.85,8,198.19472
4.75,2,198.224302
4.45,4,198.258791
4.3,5,198.293482
4.45,4,198.322588
4.15,6,198.355558
-1.75,15,198.39703
4.45,4,198.426424
4.6,3,198.451125
4.75,2,198.477192
4.3,5,198.502006
4.6,3,198.527639
4.3,5,198.555309
3.55,10,198.593484
4.3,5,198.62841
4.6,3,198.653314
4.45,4,198.683275
4.45,4,198.714281
3.7,9,198.747728
4.45,4,198.771515
4.0,7,198.803578
4.45,4,198.832318
3.55,10,198.871176
3.85,8,198.909681
-1.75,15,198.96417
3.7,9,199.003295
4.15,6,199.033179
4.3,5,199.064074
3.25,12,199.102276
4.15,6,199.142518
4.75,2,199.167588
4.75,2,199.195022
-3.7,15,199.237206
4.75,2,199.263817
4.15,6,199.297626
3.7,9,199.333593
3.4,11,199.547969
4.45,4,199.576846
4.3,5,199.603727
4.15,6,199.643485
4.0,7,199.677455
-3.7,15,199.718722
4.0,7,199.748328
4.6,3,199.77282
4.3,5,199.800323
-3.45,10,199.833918
4.9,1,199.857398
-3.45,10,199.892619
4.75,2,199.915308
4.75,2,199.937071
4.3,5,199.967325
4.0,7,200.000835
3.85,8,200.0347
4.6,3,200.059877
4.3,5,200.08605
4.3,5,200.117194
4.75,2,200.145417
3.7,9,200.184403
4.75,2,200.212906
-1.75,15,200.262415
4.3,5,200.293114
-3.35,8,200.32802
4.45,4,200.354325
3.85,8,200.388295
4.45,4,200.41637
4.0,7,200.450793
-3.5,11,200.499734
3.85,8,200.541266
4.9,1,200.566194
3.85,8,200.604112
3.7,9,200.646298
4.3,5,200.681148
4.6,3,200.710566
4.15,6,200.74297
4.0,7,200.777758
4.15,6,200.812167
-3.7,15,200.861179
4.3,5,201.047674
4.45,4,201.08051
4.75,2,201.110213
-3.35,8,201.144907
-3.7,15,201.194962
4.15,6,201.228881
4.45,4,201.259141
4.75,2,201.283925
4.45,4,201.309032
4.75,2,201.334733
4.15,6,201.362493
4.15,6,201.39354
3.85,8,201.432724
4.15,6,201.467519
4.0,7,201.500252
4.45,4,201.527194
3.85,8,201.558642
4.45,4,201.585434
4.15,6,201.613919
4.6,3,201.637137
4.3,5,201.664947
4.75,2,201.690146
3.25,12,201.734257
4.15,6,201.762866
4.15,6,201.795946
4.15,6,201.830723
-3.4,9,201.865381
4.6,3,201.889443
4.6,3,201.917462
4.15,6,201.948358
4.15,6,201.98034
4.3,5,202.011836
4.15,6,202.041497
4.75,2,202.065661
4.75,2,202.089204
-3.45,10,202.128495
4.3,5,202.157082
3.7,9,202.196778
3.55,10,202.241266
4.3,5,202.276819
4.45,4,202.309664
4.0,7,202.34897
4.0,7,202.38499
4.75,2,202.410868
4.0,7,202.45139
4.6,3,202.481351
